Nro,Case de Prueba,device-id,platform,application,authorization,client_id,name,lastName,documentType,documentNumber,codigo,codbody
1,Registro nuevo cliente con DNI exitoso - resultado 201,1234567890,AND,CUS,eyJhbGciOiJIUzUxMiJ9.eyJEQVRBIjoie1wiZGV2aWNlSWRcIjpcIjEyMlwiLFwicGxhdGZvcm1cIjpcIklPU1wiLFwiYXBwbGljYXRpb25cIjpcIkNVU1wiLFwicGhvbmVcIjpcIjkxNDk5NTgwNFwiLFwiZW1haWxcIjpcInR1bmtpQHR1bmtpLmNvbVwiLFwib3RwXCI6XCI4NTIzXCIsXCJzdGVwXCI6XCJTVEVQXzFcIn0iLCJleHAiOjE1Njk0NTM5Mjh9.SGMnphI5N4it4rFA6qMUUsVaDa_1PzCoqq9LkGYrJNZR5dcpEm5jS8ymyyelkTe1shatX0MVAYT6KQ6cAYEfrA,7780216a-3ccb-38e6-a457-ace9052f0fd8,Carlos Jose,Paz Lopez,DNI,41980923,201,
2,Registro nuevo cliente con CE exitoso - resultado 201,1234567890,IOS,CUS,eyJhbGciOiJIUzUxMiJ9.eyJEQVRBIjoie1wiZGV2aWNlSWRcIjpcIjEyMlwiLFwicGxhdGZvcm1cIjpcIklPU1wiLFwiYXBwbGljYXRpb25cIjpcIkNVU1wiLFwicGhvbmVcIjpcIjkxNDk5NTgwNFwiLFwiZW1haWxcIjpcInR1bmtpQHR1bmtpLmNvbVwiLFwib3RwXCI6XCI4NTIzXCIsXCJzdGVwXCI6XCJTVEVQXzFcIn0iLCJleHAiOjE1Njk0NTM5Mjh9.SGMnphI5N4it4rFA6qMUUsVaDa_1PzCoqq9LkGYrJNZR5dcpEm5jS8ymyyelkTe1shatX0MVAYT6KQ6cAYEfrA,7780216a-3ccb-38e6-a457-ace9052f0fd8,Manuel Samuel,Garcia Flores,CE,123456789,201,
3,Validar código con X-Device_id en blanco - resultado 400,,AND,CUS,eyJhbGciOiJIUzUxMiJ9.eyJEQVRBIjoie1wiZGV2aWNlSWRcIjpcIjEyMlwiLFwicGxhdGZvcm1cIjpcIklPU1wiLFwiYXBwbGljYXRpb25cIjpcIkNVU1wiLFwicGhvbmVcIjpcIjkxNDk5NTgwNFwiLFwiZW1haWxcIjpcInR1bmtpQHR1bmtpLmNvbVwiLFwib3RwXCI6XCI4NTIzXCIsXCJzdGVwXCI6XCJTVEVQXzFcIn0iLCJleHAiOjE1Njk0NTM5Mjh9.SGMnphI5N4it4rFA6qMUUsVaDa_1PzCoqq9LkGYrJNZR5dcpEm5jS8ymyyelkTe1shatX0MVAYT6KQ6cAYEfrA,7780216a-3ccb-38e6-a457-ace9052f0fd8,Carlos Jose,Paz Lopez,DNI,41980923,400,GEN_ALL_01
4,Validar código con X-Device_id menor a carateres permitidos - resultado 400,1,IOS,CUS,eyJhbGciOiJIUzUxMiJ9.eyJEQVRBIjoie1wiZGV2aWNlSWRcIjpcIjEyMlwiLFwicGxhdGZvcm1cIjpcIklPU1wiLFwiYXBwbGljYXRpb25cIjpcIkNVU1wiLFwicGhvbmVcIjpcIjkxNDk5NTgwNFwiLFwiZW1haWxcIjpcInR1bmtpQHR1bmtpLmNvbVwiLFwib3RwXCI6XCI4NTIzXCIsXCJzdGVwXCI6XCJTVEVQXzFcIn0iLCJleHAiOjE1Njk0NTM5Mjh9.SGMnphI5N4it4rFA6qMUUsVaDa_1PzCoqq9LkGYrJNZR5dcpEm5jS8ymyyelkTe1shatX0MVAYT6KQ6cAYEfrA,7780216a-3ccb-38e6-a457-ace9052f0fd8,Carlos Jose,Paz Lopez,DNI,41980924,400,GEN_ALL_01
5,Validar código con X-Device_id mayor a carateres permitidos - resultado 400,1.2346E+300,AND,CUS,eyJhbGciOiJIUzUxMiJ9.eyJEQVRBIjoie1wiZGV2aWNlSWRcIjpcIjEyMlwiLFwicGxhdGZvcm1cIjpcIklPU1wiLFwiYXBwbGljYXRpb25cIjpcIkNVU1wiLFwicGhvbmVcIjpcIjkxNDk5NTgwNFwiLFwiZW1haWxcIjpcInR1bmtpQHR1bmtpLmNvbVwiLFwib3RwXCI6XCI4NTIzXCIsXCJzdGVwXCI6XCJTVEVQXzFcIn0iLCJleHAiOjE1Njk0NTM5Mjh9.SGMnphI5N4it4rFA6qMUUsVaDa_1PzCoqq9LkGYrJNZR5dcpEm5jS8ymyyelkTe1shatX0MVAYT6KQ6cAYEfrA,7780216a-3ccb-38e6-a457-ace9052f0fd8,Carlos Jose,Paz Lopez,DNI,41980925,400,GEN_ALL_01
6,Validar código con X-Platform en blanco - resultado 400,1234567890,,CUS,eyJhbGciOiJIUzUxMiJ9.eyJEQVRBIjoie1wiZGV2aWNlSWRcIjpcIjEyMlwiLFwicGxhdGZvcm1cIjpcIklPU1wiLFwiYXBwbGljYXRpb25cIjpcIkNVU1wiLFwicGhvbmVcIjpcIjkxNDk5NTgwNFwiLFwiZW1haWxcIjpcInR1bmtpQHR1bmtpLmNvbVwiLFwib3RwXCI6XCI4NTIzXCIsXCJzdGVwXCI6XCJTVEVQXzFcIn0iLCJleHAiOjE1Njk0NTM5Mjh9.SGMnphI5N4it4rFA6qMUUsVaDa_1PzCoqq9LkGYrJNZR5dcpEm5jS8ymyyelkTe1shatX0MVAYT6KQ6cAYEfrA,7780216a-3ccb-38e6-a457-ace9052f0fd8,Carlos Jose,Paz Lopez,DNI,41980926,400,GEN_ALL_01
7,Validar código con X-Platform menor a carateres permitidos - resultado 400,1234567890,AN,CUS,eyJhbGciOiJIUzUxMiJ9.eyJEQVRBIjoie1wiZGV2aWNlSWRcIjpcIjEyMlwiLFwicGxhdGZvcm1cIjpcIklPU1wiLFwiYXBwbGljYXRpb25cIjpcIkNVU1wiLFwicGhvbmVcIjpcIjkxNDk5NTgwNFwiLFwiZW1haWxcIjpcInR1bmtpQHR1bmtpLmNvbVwiLFwib3RwXCI6XCI4NTIzXCIsXCJzdGVwXCI6XCJTVEVQXzFcIn0iLCJleHAiOjE1Njk0NTM5Mjh9.SGMnphI5N4it4rFA6qMUUsVaDa_1PzCoqq9LkGYrJNZR5dcpEm5jS8ymyyelkTe1shatX0MVAYT6KQ6cAYEfrA,7780216a-3ccb-38e6-a457-ace9052f0fd8,Carlos Jose,Paz Lopez,DNI,41980927,400,GEN_ALL_01
8,Validar código con X-Platform mayor a carateres permitidos - resultado 400,1234567890,IOSS,CUS,eyJhbGciOiJIUzUxMiJ9.eyJEQVRBIjoie1wiZGV2aWNlSWRcIjpcIjEyMlwiLFwicGxhdGZvcm1cIjpcIklPU1wiLFwiYXBwbGljYXRpb25cIjpcIkNVU1wiLFwicGhvbmVcIjpcIjkxNDk5NTgwNFwiLFwiZW1haWxcIjpcInR1bmtpQHR1bmtpLmNvbVwiLFwib3RwXCI6XCI4NTIzXCIsXCJzdGVwXCI6XCJTVEVQXzFcIn0iLCJleHAiOjE1Njk0NTM5Mjh9.SGMnphI5N4it4rFA6qMUUsVaDa_1PzCoqq9LkGYrJNZR5dcpEm5jS8ymyyelkTe1shatX0MVAYT6KQ6cAYEfrA,7780216a-3ccb-38e6-a457-ace9052f0fd8,Carlos Jose,Paz Lopez,CE,41980928,400,GEN_ALL_01
9,Validar código con X-Application en blanco - resultado 400,1234567890,AND,,eyJhbGciOiJIUzUxMiJ9.eyJEQVRBIjoie1wiZGV2aWNlSWRcIjpcIjEyMlwiLFwicGxhdGZvcm1cIjpcIklPU1wiLFwiYXBwbGljYXRpb25cIjpcIkNVU1wiLFwicGhvbmVcIjpcIjkxNDk5NTgwNFwiLFwiZW1haWxcIjpcInR1bmtpQHR1bmtpLmNvbVwiLFwib3RwXCI6XCI4NTIzXCIsXCJzdGVwXCI6XCJTVEVQXzFcIn0iLCJleHAiOjE1Njk0NTM5Mjh9.SGMnphI5N4it4rFA6qMUUsVaDa_1PzCoqq9LkGYrJNZR5dcpEm5jS8ymyyelkTe1shatX0MVAYT6KQ6cAYEfrA,7780216a-3ccb-38e6-a457-ace9052f0fd8,Carlos Jose,Paz Lopez,DNI,41980929,400,GEN_ALL_01
10,Validar código con X-Application menor a carateres permitidos - resultado 400,1234567890,IOS,CU,eyJhbGciOiJIUzUxMiJ9.eyJEQVRBIjoie1wiZGV2aWNlSWRcIjpcIjEyMlwiLFwicGxhdGZvcm1cIjpcIklPU1wiLFwiYXBwbGljYXRpb25cIjpcIkNVU1wiLFwicGhvbmVcIjpcIjkxNDk5NTgwNFwiLFwiZW1haWxcIjpcInR1bmtpQHR1bmtpLmNvbVwiLFwib3RwXCI6XCI4NTIzXCIsXCJzdGVwXCI6XCJTVEVQXzFcIn0iLCJleHAiOjE1Njk0NTM5Mjh9.SGMnphI5N4it4rFA6qMUUsVaDa_1PzCoqq9LkGYrJNZR5dcpEm5jS8ymyyelkTe1shatX0MVAYT6KQ6cAYEfrA,7780216a-3ccb-38e6-a457-ace9052f0fd8,Carlos Jose,Paz Lopez,DNI,41980930,400,GEN_ALL_01
11,Registrar data con X-Application mayor a carateres permitidos - resultado 400,1234567890,AND,CUST,eyJhbGciOiJIUzUxMiJ9.eyJEQVRBIjoie1wiZGV2aWNlSWRcIjpcIjEyMlwiLFwicGxhdGZvcm1cIjpcIklPU1wiLFwiYXBwbGljYXRpb25cIjpcIkNVU1wiLFwicGhvbmVcIjpcIjkxNDk5NTgwNFwiLFwiZW1haWxcIjpcInR1bmtpQHR1bmtpLmNvbVwiLFwib3RwXCI6XCI4NTIzXCIsXCJzdGVwXCI6XCJTVEVQXzFcIn0iLCJleHAiOjE1Njk0NTM5Mjh9.SGMnphI5N4it4rFA6qMUUsVaDa_1PzCoqq9LkGYrJNZR5dcpEm5jS8ymyyelkTe1shatX0MVAYT6KQ6cAYEfrA,7780216a-3ccb-38e6-a457-ace9052f0fd8,Carlos Jose,Paz Lopez,DNI,41980931,400,GEN_ALL_01
12,Validar código con Autorizacion en blanco - resultado 400,1234567890,AND,CUS,,7780216a-3ccb-38e6-a457-ace9052f0fd8,Carlos Jose,Paz Lopez,DNI,41980929,400,GEN_ALL_01
13,Validar código con Autorizacion expirado  - resultado 403,1234567890,AND,CUS,eyJhbGciOiJIUzUxMiJ9.eyJEQVRBIjoie1wiZGV2aWNlSWRcIjpcIjEyMlwiLFwicGxhdGZvcm1cIjpcIklPU1wiLFwiYXBwbGljYXRpb25cIjpcIkNVU1wiLFwicGhvbmVcIjpcIjkxNDk5NTgwNFwiLFwiZW1haWxcIjpcInR1bmtpQHR1bmtpLmNvbVwiLFwib3RwXCI6XCI4NTIzXCIsXCJzdGVwXCI6XCJTVEVQXzFcIn0iLCJleHAiOjE1Njk0NTM5Mjh9,7780216a-3ccb-38e6-a457-ace9052f0fd8,Carlos Jose,Paz Lopez,DNI,41980929,403,GEN_ALL_04
14,Validar código con client_id en blanco - resultado 400,1234567890,AND,CUS,eyJhbGciOiJIUzUxMiJ9.eyJEQVRBIjoie1wiZGV2aWNlSWRcIjpcIjEyMlwiLFwicGxhdGZvcm1cIjpcIklPU1wiLFwiYXBwbGljYXRpb25cIjpcIkNVU1wiLFwicGhvbmVcIjpcIjkxNDk5NTgwNFwiLFwiZW1haWxcIjpcInR1bmtpQHR1bmtpLmNvbVwiLFwib3RwXCI6XCI4NTIzXCIsXCJzdGVwXCI6XCJTVEVQXzFcIn0iLCJleHAiOjE1Njk0NTM5Mjh9.SGMnphI5N4it4rFA6qMUUsVaDa_1PzCoqq9LkGYrJNZR5dcpEm5jS8ymyyelkTe1shatX0MVAYT6KQ6cAYEfrA,,Carlos Jose,Paz Lopez,DNI,41980923,401,
15,Validar código con client_id en caracteres especiales - resultado 400,1234567890,AND,CUS,eyJhbGciOiJIUzUxMiJ9.eyJEQVRBIjoie1wiZGV2aWNlSWRcIjpcIjEyMlwiLFwicGxhdGZvcm1cIjpcIklPU1wiLFwiYXBwbGljYXRpb25cIjpcIkNVU1wiLFwicGhvbmVcIjpcIjkxNDk5NTgwNFwiLFwiZW1haWxcIjpcInR1bmtpQHR1bmtpLmNvbVwiLFwib3RwXCI6XCI4NTIzXCIsXCJzdGVwXCI6XCJTVEVQXzFcIn0iLCJleHAiOjE1Njk0NTM5Mjh9.SGMnphI5N4it4rFA6qMUUsVaDa_1PzCoqq9LkGYrJNZR5dcpEm5jS8ymyyelkTe1shatX0MVAYT6KQ6cAYEfrA,#$&+*.-*+$#&,Carlos Jose,Paz Lopez,DNI,41980923,401,
16,Validar código con client_id incorrecto - resultado 400,1234567890,AND,CUS,eyJhbGciOiJIUzUxMiJ9.eyJEQVRBIjoie1wiZGV2aWNlSWRcIjpcIjEyMlwiLFwicGxhdGZvcm1cIjpcIklPU1wiLFwiYXBwbGljYXRpb25cIjpcIkNVU1wiLFwicGhvbmVcIjpcIjkxNDk5NTgwNFwiLFwiZW1haWxcIjpcInR1bmtpQHR1bmtpLmNvbVwiLFwib3RwXCI6XCI4NTIzXCIsXCJzdGVwXCI6XCJTVEVQXzFcIn0iLCJleHAiOjE1Njk0NTM5Mjh9.SGMnphI5N4it4rFA6qMUUsVaDa_1PzCoqq9LkGYrJNZR5dcpEm5jS8ymyyelkTe1shatX0MVAYT6KQ6cAYEfrA,780216a-3ccb-38e6-a457-ace9052f0fd8,Carlos Jose,Paz Lopez,DNI,41980923,401,
17,Registrar data con Name en blanco - resultado 400,1234567890,IOS,CUS,eyJhbGciOiJIUzUxMiJ9.eyJEQVRBIjoie1wiZGV2aWNlSWRcIjpcIjEyMlwiLFwicGxhdGZvcm1cIjpcIklPU1wiLFwiYXBwbGljYXRpb25cIjpcIkNVU1wiLFwicGhvbmVcIjpcIjkxNDk5NTgwNFwiLFwiZW1haWxcIjpcInR1bmtpQHR1bmtpLmNvbVwiLFwib3RwXCI6XCI4NTIzXCIsXCJzdGVwXCI6XCJTVEVQXzFcIn0iLCJleHAiOjE1Njk0NTM5Mjh9.SGMnphI5N4it4rFA6qMUUsVaDa_1PzCoqq9LkGYrJNZR5dcpEm5jS8ymyyelkTe1shatX0MVAYT6KQ6cAYEfrA,7780216a-3ccb-38e6-a457-ace9052f0fd8,,Paz Lopez,DNI,41980932,400,GEN_ALL_01
18,Registrar data con Name en NULL - resultado 400,1234567890,AND,CUS,eyJhbGciOiJIUzUxMiJ9.eyJEQVRBIjoie1wiZGV2aWNlSWRcIjpcIjEyMlwiLFwicGxhdGZvcm1cIjpcIklPU1wiLFwiYXBwbGljYXRpb25cIjpcIkNVU1wiLFwicGhvbmVcIjpcIjkxNDk5NTgwNFwiLFwiZW1haWxcIjpcInR1bmtpQHR1bmtpLmNvbVwiLFwib3RwXCI6XCI4NTIzXCIsXCJzdGVwXCI6XCJTVEVQXzFcIn0iLCJleHAiOjE1Njk0NTM5Mjh9.SGMnphI5N4it4rFA6qMUUsVaDa_1PzCoqq9LkGYrJNZR5dcpEm5jS8ymyyelkTe1shatX0MVAYT6KQ6cAYEfrA,7780216a-3ccb-38e6-a457-ace9052f0fd8,,Paz Lopez,DNI,41980933,400,GEN_ALL_01
19,Registrar data con Name caracteres extraños - resultado 400,1234567890,IOS,CUS,eyJhbGciOiJIUzUxMiJ9.eyJEQVRBIjoie1wiZGV2aWNlSWRcIjpcIjEyMlwiLFwicGxhdGZvcm1cIjpcIklPU1wiLFwiYXBwbGljYXRpb25cIjpcIkNVU1wiLFwicGhvbmVcIjpcIjkxNDk5NTgwNFwiLFwiZW1haWxcIjpcInR1bmtpQHR1bmtpLmNvbVwiLFwib3RwXCI6XCI4NTIzXCIsXCJzdGVwXCI6XCJTVEVQXzFcIn0iLCJleHAiOjE1Njk0NTM5Mjh9.SGMnphI5N4it4rFA6qMUUsVaDa_1PzCoqq9LkGYrJNZR5dcpEm5jS8ymyyelkTe1shatX0MVAYT6KQ6cAYEfrA,7780216a-3ccb-38e6-a457-ace9052f0fd8,$#&-.*{,Salas Quiros,DNI,41980934,400,GEN_ALL_01
20,Registrar data con Name menor caracteres permitidos - resultado 400,1234567890,AND,CUS,eyJhbGciOiJIUzUxMiJ9.eyJEQVRBIjoie1wiZGV2aWNlSWRcIjpcIjEyMlwiLFwicGxhdGZvcm1cIjpcIklPU1wiLFwiYXBwbGljYXRpb25cIjpcIkNVU1wiLFwicGhvbmVcIjpcIjkxNDk5NTgwNFwiLFwiZW1haWxcIjpcInR1bmtpQHR1bmtpLmNvbVwiLFwib3RwXCI6XCI4NTIzXCIsXCJzdGVwXCI6XCJTVEVQXzFcIn0iLCJleHAiOjE1Njk0NTM5Mjh9.SGMnphI5N4it4rFA6qMUUsVaDa_1PzCoqq9LkGYrJNZR5dcpEm5jS8ymyyelkTe1shatX0MVAYT6KQ6cAYEfrA,7780216a-3ccb-38e6-a457-ace9052f0fd8,o,Sanchez Lopez,DNI,41980935,400,GEN_ALL_01
21,Registrar data con Name mayor caracteres permitidos - resultado 400,1234567890,IOS,CUS,eyJhbGciOiJIUzUxMiJ9.eyJEQVRBIjoie1wiZGV2aWNlSWRcIjpcIjEyMlwiLFwicGxhdGZvcm1cIjpcIklPU1wiLFwiYXBwbGljYXRpb25cIjpcIkNVU1wiLFwicGhvbmVcIjpcIjkxNDk5NTgwNFwiLFwiZW1haWxcIjpcInR1bmtpQHR1bmtpLmNvbVwiLFwib3RwXCI6XCI4NTIzXCIsXCJzdGVwXCI6XCJTVEVQXzFcIn0iLCJleHAiOjE1Njk0NTM5Mjh9.SGMnphI5N4it4rFA6qMUUsVaDa_1PzCoqq9LkGYrJNZR5dcpEm5jS8ymyyelkTe1shatX0MVAYT6KQ6cAYEfrA,7780216a-3ccb-38e6-a457-ace9052f0fd8,Carlos Jose Carlos Jose Carlos Jose Carlos JoseCarlos Jose Carlos Jose Carlos Jose Carlos Jose Carlos Jose Carlos Jose Carlos Jose Carlos JoseCarlos JoseCarlos JoseCarlos JoseCarlos Jose Carlos Jose Carlos Josev Carlos Jose Carlos Jose Carlos Jose Carlos Jose Carlos Jose,Paz Lopez,DNI,41980936,400,GEN_ALL_01
22,Registrar data con LastName en blanco - resultado 400,1234567890,AND,CUS,eyJhbGciOiJIUzUxMiJ9.eyJEQVRBIjoie1wiZGV2aWNlSWRcIjpcIjEyMlwiLFwicGxhdGZvcm1cIjpcIklPU1wiLFwiYXBwbGljYXRpb25cIjpcIkNVU1wiLFwicGhvbmVcIjpcIjkxNDk5NTgwNFwiLFwiZW1haWxcIjpcInR1bmtpQHR1bmtpLmNvbVwiLFwib3RwXCI6XCI4NTIzXCIsXCJzdGVwXCI6XCJTVEVQXzFcIn0iLCJleHAiOjE1Njk0NTM5Mjh9.SGMnphI5N4it4rFA6qMUUsVaDa_1PzCoqq9LkGYrJNZR5dcpEm5jS8ymyyelkTe1shatX0MVAYT6KQ6cAYEfrA,7780216a-3ccb-38e6-a457-ace9052f0fd8,Carlos Jose,,DNI,41980937,400,GEN_ALL_01
23,Registrar data con LastName en NULL - resultado 400,1234567890,IOS,CUS,eyJhbGciOiJIUzUxMiJ9.eyJEQVRBIjoie1wiZGV2aWNlSWRcIjpcIjEyMlwiLFwicGxhdGZvcm1cIjpcIklPU1wiLFwiYXBwbGljYXRpb25cIjpcIkNVU1wiLFwicGhvbmVcIjpcIjkxNDk5NTgwNFwiLFwiZW1haWxcIjpcInR1bmtpQHR1bmtpLmNvbVwiLFwib3RwXCI6XCI4NTIzXCIsXCJzdGVwXCI6XCJTVEVQXzFcIn0iLCJleHAiOjE1Njk0NTM5Mjh9.SGMnphI5N4it4rFA6qMUUsVaDa_1PzCoqq9LkGYrJNZR5dcpEm5jS8ymyyelkTe1shatX0MVAYT6KQ6cAYEfrA,7780216a-3ccb-38e6-a457-ace9052f0fd8,Carlos Jose,,DNI,41980938,400,GEN_ALL_01
24,Registrar data con LastName caracteres extraños - resultado 400,1234567890,AND,CUS,eyJhbGciOiJIUzUxMiJ9.eyJEQVRBIjoie1wiZGV2aWNlSWRcIjpcIjEyMlwiLFwicGxhdGZvcm1cIjpcIklPU1wiLFwiYXBwbGljYXRpb25cIjpcIkNVU1wiLFwicGhvbmVcIjpcIjkxNDk5NTgwNFwiLFwiZW1haWxcIjpcInR1bmtpQHR1bmtpLmNvbVwiLFwib3RwXCI6XCI4NTIzXCIsXCJzdGVwXCI6XCJTVEVQXzFcIn0iLCJleHAiOjE1Njk0NTM5Mjh9.SGMnphI5N4it4rFA6qMUUsVaDa_1PzCoqq9LkGYrJNZR5dcpEm5jS8ymyyelkTe1shatX0MVAYT6KQ6cAYEfrA,7780216a-3ccb-38e6-a457-ace9052f0fd8,Karla July,&.&%$# &* *,DNI,41980939,400,GEN_ALL_01
25,Registrar data con LastName menor caracteres permitidos - resultado 400,1234567890,IOS,CUS,eyJhbGciOiJIUzUxMiJ9.eyJEQVRBIjoie1wiZGV2aWNlSWRcIjpcIjEyMlwiLFwicGxhdGZvcm1cIjpcIklPU1wiLFwiYXBwbGljYXRpb25cIjpcIkNVU1wiLFwicGhvbmVcIjpcIjkxNDk5NTgwNFwiLFwiZW1haWxcIjpcInR1bmtpQHR1bmtpLmNvbVwiLFwib3RwXCI6XCI4NTIzXCIsXCJzdGVwXCI6XCJTVEVQXzFcIn0iLCJleHAiOjE1Njk0NTM5Mjh9.SGMnphI5N4it4rFA6qMUUsVaDa_1PzCoqq9LkGYrJNZR5dcpEm5jS8ymyyelkTe1shatX0MVAYT6KQ6cAYEfrA,7780216a-3ccb-38e6-a457-ace9052f0fd8,Victor Juan,S,DNI,41980940,400,GEN_ALL_01
26,Registrar data con LastName mayor caracteres permitidos - resultado 400,1234567890,AND,CUS,eyJhbGciOiJIUzUxMiJ9.eyJEQVRBIjoie1wiZGV2aWNlSWRcIjpcIjEyMlwiLFwicGxhdGZvcm1cIjpcIklPU1wiLFwiYXBwbGljYXRpb25cIjpcIkNVU1wiLFwicGhvbmVcIjpcIjkxNDk5NTgwNFwiLFwiZW1haWxcIjpcInR1bmtpQHR1bmtpLmNvbVwiLFwib3RwXCI6XCI4NTIzXCIsXCJzdGVwXCI6XCJTVEVQXzFcIn0iLCJleHAiOjE1Njk0NTM5Mjh9.SGMnphI5N4it4rFA6qMUUsVaDa_1PzCoqq9LkGYrJNZR5dcpEm5jS8ymyyelkTe1shatX0MVAYT6KQ6cAYEfrA,7780216a-3ccb-38e6-a457-ace9052f0fd8,Carlos Jose,Paz Lopez Paz Lopezv Paz LopezPaz LopezPaz LopezPaz LopezPaz LopezPaz LopezPaz LopezPaz LopezPaz LopezPaz LopezPaz LopezPaz LopezPaz LopezPaz LopezPaz LopezPaz Lopez,DNI,41980941,400,GEN_ALL_01
27,Registrar data con DocumentType en blanco - resultado 400,1234567890,IOS,CUS,eyJhbGciOiJIUzUxMiJ9.eyJEQVRBIjoie1wiZGV2aWNlSWRcIjpcIjEyMlwiLFwicGxhdGZvcm1cIjpcIklPU1wiLFwiYXBwbGljYXRpb25cIjpcIkNVU1wiLFwicGhvbmVcIjpcIjkxNDk5NTgwNFwiLFwiZW1haWxcIjpcInR1bmtpQHR1bmtpLmNvbVwiLFwib3RwXCI6XCI4NTIzXCIsXCJzdGVwXCI6XCJTVEVQXzFcIn0iLCJleHAiOjE1Njk0NTM5Mjh9.SGMnphI5N4it4rFA6qMUUsVaDa_1PzCoqq9LkGYrJNZR5dcpEm5jS8ymyyelkTe1shatX0MVAYT6KQ6cAYEfrA,7780216a-3ccb-38e6-a457-ace9052f0fd8,Carlos Jose,Paz Lopez,,41980942,400,GEN_ALL_01
28,Registrar data con DocumentType menor a caracteres permitidos - resultado 400,1234567890,AND,CUS,eyJhbGciOiJIUzUxMiJ9.eyJEQVRBIjoie1wiZGV2aWNlSWRcIjpcIjEyMlwiLFwicGxhdGZvcm1cIjpcIklPU1wiLFwiYXBwbGljYXRpb25cIjpcIkNVU1wiLFwicGhvbmVcIjpcIjkxNDk5NTgwNFwiLFwiZW1haWxcIjpcInR1bmtpQHR1bmtpLmNvbVwiLFwib3RwXCI6XCI4NTIzXCIsXCJzdGVwXCI6XCJTVEVQXzFcIn0iLCJleHAiOjE1Njk0NTM5Mjh9.SGMnphI5N4it4rFA6qMUUsVaDa_1PzCoqq9LkGYrJNZR5dcpEm5jS8ymyyelkTe1shatX0MVAYT6KQ6cAYEfrA,7780216a-3ccb-38e6-a457-ace9052f0fd8,Carlos Jose,Paz Lopez,D,41980943,400,GEN_ALL_01
29,Registrar data con DocumentType mayor a caracteres permitidos - resultado 400,1234567890,IOS,CUS,eyJhbGciOiJIUzUxMiJ9.eyJEQVRBIjoie1wiZGV2aWNlSWRcIjpcIjEyMlwiLFwicGxhdGZvcm1cIjpcIklPU1wiLFwiYXBwbGljYXRpb25cIjpcIkNVU1wiLFwicGhvbmVcIjpcIjkxNDk5NTgwNFwiLFwiZW1haWxcIjpcInR1bmtpQHR1bmtpLmNvbVwiLFwib3RwXCI6XCI4NTIzXCIsXCJzdGVwXCI6XCJTVEVQXzFcIn0iLCJleHAiOjE1Njk0NTM5Mjh9.SGMnphI5N4it4rFA6qMUUsVaDa_1PzCoqq9LkGYrJNZR5dcpEm5jS8ymyyelkTe1shatX0MVAYT6KQ6cAYEfrA,7780216a-3ccb-38e6-a457-ace9052f0fd8,Carlos Jose,Paz Lopez,DNIC,41980944,400,GEN_ALL_01
30,Registrar data con DocumentNumber en blanco - resultado 400,1234567890,IOS,CUS,eyJhbGciOiJIUzUxMiJ9.eyJEQVRBIjoie1wiZGV2aWNlSWRcIjpcIjEyMlwiLFwicGxhdGZvcm1cIjpcIklPU1wiLFwiYXBwbGljYXRpb25cIjpcIkNVU1wiLFwicGhvbmVcIjpcIjkxNDk5NTgwNFwiLFwiZW1haWxcIjpcInR1bmtpQHR1bmtpLmNvbVwiLFwib3RwXCI6XCI4NTIzXCIsXCJzdGVwXCI6XCJTVEVQXzFcIn0iLCJleHAiOjE1Njk0NTM5Mjh9.SGMnphI5N4it4rFA6qMUUsVaDa_1PzCoqq9LkGYrJNZR5dcpEm5jS8ymyyelkTe1shatX0MVAYT6KQ6cAYEfrA,7780216a-3ccb-38e6-a457-ace9052f0fd8,Carlos Jose,Paz Lopez,DNI,,400,GEN_ALL_01
31,Registrar data con DocumentNumber menor a caracteres permitidos - resultado 400,1234567890,IOS,CUS,eyJhbGciOiJIUzUxMiJ9.eyJEQVRBIjoie1wiZGV2aWNlSWRcIjpcIjEyMlwiLFwicGxhdGZvcm1cIjpcIklPU1wiLFwiYXBwbGljYXRpb25cIjpcIkNVU1wiLFwicGhvbmVcIjpcIjkxNDk5NTgwNFwiLFwiZW1haWxcIjpcInR1bmtpQHR1bmtpLmNvbVwiLFwib3RwXCI6XCI4NTIzXCIsXCJzdGVwXCI6XCJTVEVQXzFcIn0iLCJleHAiOjE1Njk0NTM5Mjh9.SGMnphI5N4it4rFA6qMUUsVaDa_1PzCoqq9LkGYrJNZR5dcpEm5jS8ymyyelkTe1shatX0MVAYT6KQ6cAYEfrA,7780216a-3ccb-38e6-a457-ace9052f0fd8,Carlos Jose,Paz Lopez,DNI,12,400,GEN_ALL_01
32,Registrar data con documentNumber mayor a caracteres permitidos - resultado 400,1234567890,IOS,CUS,eyJhbGciOiJIUzUxMiJ9.eyJEQVRBIjoie1wiZGV2aWNlSWRcIjpcIjEyMlwiLFwicGxhdGZvcm1cIjpcIklPU1wiLFwiYXBwbGljYXRpb25cIjpcIkNVU1wiLFwicGhvbmVcIjpcIjkxNDk5NTgwNFwiLFwiZW1haWxcIjpcInR1bmtpQHR1bmtpLmNvbVwiLFwib3RwXCI6XCI4NTIzXCIsXCJzdGVwXCI6XCJTVEVQXzFcIn0iLCJleHAiOjE1Njk0NTM5Mjh9.SGMnphI5N4it4rFA6qMUUsVaDa_1PzCoqq9LkGYrJNZR5dcpEm5jS8ymyyelkTe1shatX0MVAYT6KQ6cAYEfrA,7780216a-3ccb-38e6-a457-ace9052f0fd8,Carlos Jose,Paz Lopez,CE,1wdrtfjstyud122234567890986533ddedad7564372346578903,400,GEN_ALL_01
33,Registrar data con documentNumber ya registrado - resultado 422,1234567890,IOS,CUS,eyJhbGciOiJIUzUxMiJ9.eyJEQVRBIjoie1wiZGV2aWNlSWRcIjpcIjEyMlwiLFwicGxhdGZvcm1cIjpcIklPU1wiLFwiYXBwbGljYXRpb25cIjpcIkNVU1wiLFwicGhvbmVcIjpcIjkxNDk5NTgwNFwiLFwiZW1haWxcIjpcInR1bmtpQHR1bmtpLmNvbVwiLFwib3RwXCI6XCI4NTIzXCIsXCJzdGVwXCI6XCJTVEVQXzFcIn0iLCJleHAiOjE1Njk0NTM5Mjh9.SGMnphI5N4it4rFA6qMUUsVaDa_1PzCoqq9LkGYrJNZR5dcpEm5jS8ymyyelkTe1shatX0MVAYT6KQ6cAYEfrA,7780216a-3ccb-38e6-a457-ace9052f0fd8,Carlos Jose,Paz Lopez,DNI,77777777,422,CUS_REG_04
34,Registrar data con error interno - resultado 500,1234567890,IOS,CUS,eyJhbGciOiJIUzUxMiJ9.eyJEQVRBIjoie1wiZGV2aWNlSWRcIjpcIjEyMlwiLFwicGxhdGZvcm1cIjpcIklPU1wiLFwiYXBwbGljYXRpb25cIjpcIkNVU1wiLFwicGhvbmVcIjpcIjkxNDk5NTgwNFwiLFwiZW1haWxcIjpcInR1bmtpQHR1bmtpLmNvbVwiLFwib3RwXCI6XCI4NTIzXCIsXCJzdGVwXCI6XCJTVEVQXzFcIn0iLCJleHAiOjE1Njk0NTM5Mjh9.SGMnphI5N4it4rFA6qMUUsVaDa_1PzCoqq9LkGYrJNZR5dcpEm5jS8ymyyelkTe1shatX0MVAYT6KQ6cAYEfrA,7780216a-3ccb-38e6-a457-ace9052f0fd8,Carlos Jose,Paz Lopez,DNI,*&%$#+**,500,GEN_ALL_02
