Nro.,Case de Prueba,deviceId,platform,application,authorization,identifierDestination,amount,detail,codigo,codbody,rtoken
1,Transferir pago Exitoso - resultado 201,PF0NGDtS1sn1qq7cv3UEE4beK8xGYEPlRzViLAAaBn0SQta,AND,CUS,eyJhbGciOiJIUzUxMiJ9.eyJpZCI6IjdlMmEzMTM1LTNiYjktNGMzMC1iYmVlLWYzNWEwOTU4ZWVhNyIsInVuaXF1ZUlkIjoiN2UyYTMxMzUtM2JiOS00YzMwLWJiZWUtZjM1YTA5NThlZWE3IiwidHlwZSI6IkFDQ0VTUyIsImV4cGlyYXRpb25EYXRlIjoiMjAxOS0xMC0zMFQyMDozODo0OC40MTUrMDAwMCIsInJvbGVDb2RlIjoiQ1VTX1VTUiIsImFjdGl2ZVNlc3Npb24iOnRydWUsIm11bHRpRGV2aWNlIjpmYWxzZSwiYXBwbGljYXRpb24iOiJDVVMiLCJwbGF0Zm9ybSI6IkFORCIsImRldmljZUlkIjoiUEYwTkdEdFMxc24xcXE3Y3YzVUVFNGJlSzh4R1lFUGxSelZpTEFBYUJuMFNRdGEiLCJleHAiOjE1NzI0Njc5Mjh9.kJLc4LbSHw6kMS_dn4Dh5TVC4rLIfzsEJOe4xknJYWREXYrHR8VcVnvWxtoYfZGFyvmTbIVQPWE9TD_uOhQ1hg,914995789,50,Pago de menu,201,,
2,Transferir pago con X-Device-Id con null - resultado 400,null,AND,CUS,eyJhbGciOiJIUzUxMiJ9.eyJpZCI6IjdlMmEzMTM1LTNiYjktNGMzMC1iYmVlLWYzNWEwOTU4ZWVhNyIsInVuaXF1ZUlkIjoiN2UyYTMxMzUtM2JiOS00YzMwLWJiZWUtZjM1YTA5NThlZWE3IiwidHlwZSI6IkFDQ0VTUyIsImV4cGlyYXRpb25EYXRlIjoiMjAxOS0xMC0zMFQyMDozODo0OC40MTUrMDAwMCIsInJvbGVDb2RlIjoiQ1VTX1VTUiIsImFjdGl2ZVNlc3Npb24iOnRydWUsIm11bHRpRGV2aWNlIjpmYWxzZSwiYXBwbGljYXRpb24iOiJDVVMiLCJwbGF0Zm9ybSI6IkFORCIsImRldmljZUlkIjoiUEYwTkdEdFMxc24xcXE3Y3YzVUVFNGJlSzh4R1lFUGxSelZpTEFBYUJuMFNRdGEiLCJleHAiOjE1NzI0Njc5Mjh9.kJLc4LbSHw6kMS_dn4Dh5TVC4rLIfzsEJOe4xknJYWREXYrHR8VcVnvWxtoYfZGFyvmTbIVQPWE9TD_uOhQ1hg,914995789,20,Pago de menu,400,GEN_ALL_01,
3,Transferir pago con X-Device-Id Vacio - resultado 400,,AND,COM,eyJhbGciOiJIUzUxMiJ9.eyJpZCI6IjdlMmEzMTM1LTNiYjktNGMzMC1iYmVlLWYzNWEwOTU4ZWVhNyIsInVuaXF1ZUlkIjoiN2UyYTMxMzUtM2JiOS00YzMwLWJiZWUtZjM1YTA5NThlZWE3IiwidHlwZSI6IkFDQ0VTUyIsImV4cGlyYXRpb25EYXRlIjoiMjAxOS0xMC0zMFQyMDozODo0OC40MTUrMDAwMCIsInJvbGVDb2RlIjoiQ1VTX1VTUiIsImFjdGl2ZVNlc3Npb24iOnRydWUsIm11bHRpRGV2aWNlIjpmYWxzZSwiYXBwbGljYXRpb24iOiJDVVMiLCJwbGF0Zm9ybSI6IkFORCIsImRldmljZUlkIjoiUEYwTkdEdFMxc24xcXE3Y3YzVUVFNGJlSzh4R1lFUGxSelZpTEFBYUJuMFNRdGEiLCJleHAiOjE1NzI0Njc5Mjh9.kJLc4LbSHw6kMS_dn4Dh5TVC4rLIfzsEJOe4xknJYWREXYrHR8VcVnvWxtoYfZGFyvmTbIVQPWE9TD_uOhQ1hg,914995789,45.67,Pago de menu,400,GEN_ALL_01,
4,Transferir pago con X-Device-Id Espacio en blanco - resultado 400, ,IOS,CUS,eyJhbGciOiJIUzUxMiJ9.eyJpZCI6IjdlMmEzMTM1LTNiYjktNGMzMC1iYmVlLWYzNWEwOTU4ZWVhNyIsInVuaXF1ZUlkIjoiN2UyYTMxMzUtM2JiOS00YzMwLWJiZWUtZjM1YTA5NThlZWE3IiwidHlwZSI6IkFDQ0VTUyIsImV4cGlyYXRpb25EYXRlIjoiMjAxOS0xMC0zMFQyMDozODo0OC40MTUrMDAwMCIsInJvbGVDb2RlIjoiQ1VTX1VTUiIsImFjdGl2ZVNlc3Npb24iOnRydWUsIm11bHRpRGV2aWNlIjpmYWxzZSwiYXBwbGljYXRpb24iOiJDVVMiLCJwbGF0Zm9ybSI6IkFORCIsImRldmljZUlkIjoiUEYwTkdEdFMxc24xcXE3Y3YzVUVFNGJlSzh4R1lFUGxSelZpTEFBYUJuMFNRdGEiLCJleHAiOjE1NzI0Njc5Mjh9.kJLc4LbSHw6kMS_dn4Dh5TVC4rLIfzsEJOe4xknJYWREXYrHR8VcVnvWxtoYfZGFyvmTbIVQPWE9TD_uOhQ1hg,914995789,90.23,Pago de menu,400,GEN_ALL_01,
5,Transferir pago con X-Device-Id Espacios en blanco - resultado 400,           ,AND,CUS,eyJhbGciOiJIUzUxMiJ9.eyJpZCI6IjdlMmEzMTM1LTNiYjktNGMzMC1iYmVlLWYzNWEwOTU4ZWVhNyIsInVuaXF1ZUlkIjoiN2UyYTMxMzUtM2JiOS00YzMwLWJiZWUtZjM1YTA5NThlZWE3IiwidHlwZSI6IkFDQ0VTUyIsImV4cGlyYXRpb25EYXRlIjoiMjAxOS0xMC0zMFQyMDozODo0OC40MTUrMDAwMCIsInJvbGVDb2RlIjoiQ1VTX1VTUiIsImFjdGl2ZVNlc3Npb24iOnRydWUsIm11bHRpRGV2aWNlIjpmYWxzZSwiYXBwbGljYXRpb24iOiJDVVMiLCJwbGF0Zm9ybSI6IkFORCIsImRldmljZUlkIjoiUEYwTkdEdFMxc24xcXE3Y3YzVUVFNGJlSzh4R1lFUGxSelZpTEFBYUJuMFNRdGEiLCJleHAiOjE1NzI0Njc5Mjh9.kJLc4LbSHw6kMS_dn4Dh5TVC4rLIfzsEJOe4xknJYWREXYrHR8VcVnvWxtoYfZGFyvmTbIVQPWE9TD_uOhQ1hg,914995789,50,Pago de menu,400,GEN_ALL_01,
6,Transferir pago con X-Device-Id Menor a la cantidad de caracteres permitidos (1) - resultado 400,3,AND,CUS,eyJhbGciOiJIUzUxMiJ9.eyJpZCI6IjdlMmEzMTM1LTNiYjktNGMzMC1iYmVlLWYzNWEwOTU4ZWVhNyIsInVuaXF1ZUlkIjoiN2UyYTMxMzUtM2JiOS00YzMwLWJiZWUtZjM1YTA5NThlZWE3IiwidHlwZSI6IkFDQ0VTUyIsImV4cGlyYXRpb25EYXRlIjoiMjAxOS0xMC0zMFQyMDozODo0OC40MTUrMDAwMCIsInJvbGVDb2RlIjoiQ1VTX1VTUiIsImFjdGl2ZVNlc3Npb24iOnRydWUsIm11bHRpRGV2aWNlIjpmYWxzZSwiYXBwbGljYXRpb24iOiJDVVMiLCJwbGF0Zm9ybSI6IkFORCIsImRldmljZUlkIjoiUEYwTkdEdFMxc24xcXE3Y3YzVUVFNGJlSzh4R1lFUGxSelZpTEFBYUJuMFNRdGEiLCJleHAiOjE1NzI0Njc5Mjh9.kJLc4LbSHw6kMS_dn4Dh5TVC4rLIfzsEJOe4xknJYWREXYrHR8VcVnvWxtoYfZGFyvmTbIVQPWE9TD_uOhQ1hg,914995789,50,Pago de menu,400,GEN_ALL_01,
7,Transferir pago con X-Device-Id Mayor a la cantidad de caracteres permitidos (301) - resultado 400,1234567890asdfghjklj1234567890asdfghjklj1234567890asdfghjklj1234567890asdfghjklj1234567890asdfghjklj1234567890asdfghjklj1234567890asdfghjklj1234567890asdfghjklj1234567890asdfghjklj1234567890asdfghjklj1234567890asdfghjklj1234567890asdfghjklj1234567890asdfghjklj1234567890asdfghjklj1234567890asdfghjkljw,AND,CUS,eyJhbGciOiJIUzUxMiJ9.eyJpZCI6IjdlMmEzMTM1LTNiYjktNGMzMC1iYmVlLWYzNWEwOTU4ZWVhNyIsInVuaXF1ZUlkIjoiN2UyYTMxMzUtM2JiOS00YzMwLWJiZWUtZjM1YTA5NThlZWE3IiwidHlwZSI6IkFDQ0VTUyIsImV4cGlyYXRpb25EYXRlIjoiMjAxOS0xMC0zMFQyMDozODo0OC40MTUrMDAwMCIsInJvbGVDb2RlIjoiQ1VTX1VTUiIsImFjdGl2ZVNlc3Npb24iOnRydWUsIm11bHRpRGV2aWNlIjpmYWxzZSwiYXBwbGljYXRpb24iOiJDVVMiLCJwbGF0Zm9ybSI6IkFORCIsImRldmljZUlkIjoiUEYwTkdEdFMxc24xcXE3Y3YzVUVFNGJlSzh4R1lFUGxSelZpTEFBYUJuMFNRdGEiLCJleHAiOjE1NzI0Njc5Mjh9.kJLc4LbSHw6kMS_dn4Dh5TVC4rLIfzsEJOe4xknJYWREXYrHR8VcVnvWxtoYfZGFyvmTbIVQPWE9TD_uOhQ1hg,914995789,50,Pago de menu,400,GEN_ALL_01,
8,Transferir pago con X-Device-Id Caracteres especiales (Extraños) - resultado 400,#$%&*+-,AND,CUS,eyJhbGciOiJIUzUxMiJ9.eyJpZCI6IjdlMmEzMTM1LTNiYjktNGMzMC1iYmVlLWYzNWEwOTU4ZWVhNyIsInVuaXF1ZUlkIjoiN2UyYTMxMzUtM2JiOS00YzMwLWJiZWUtZjM1YTA5NThlZWE3IiwidHlwZSI6IkFDQ0VTUyIsImV4cGlyYXRpb25EYXRlIjoiMjAxOS0xMC0zMFQyMDozODo0OC40MTUrMDAwMCIsInJvbGVDb2RlIjoiQ1VTX1VTUiIsImFjdGl2ZVNlc3Npb24iOnRydWUsIm11bHRpRGV2aWNlIjpmYWxzZSwiYXBwbGljYXRpb24iOiJDVVMiLCJwbGF0Zm9ybSI6IkFORCIsImRldmljZUlkIjoiUEYwTkdEdFMxc24xcXE3Y3YzVUVFNGJlSzh4R1lFUGxSelZpTEFBYUJuMFNRdGEiLCJleHAiOjE1NzI0Njc5Mjh9.kJLc4LbSHw6kMS_dn4Dh5TVC4rLIfzsEJOe4xknJYWREXYrHR8VcVnvWxtoYfZGFyvmTbIVQPWE9TD_uOhQ1hg,914995789,50,Pago de menu,400,GEN_ALL_01,
9,Transferir pago con X-Platform  Incorrecto - resultado 400,PF0NGDtS1sn1qq7cv3UEE4beK8xGYEPlRzViLAAaBn0SQta,DNA,CUS,eyJhbGciOiJIUzUxMiJ9.eyJpZCI6IjdlMmEzMTM1LTNiYjktNGMzMC1iYmVlLWYzNWEwOTU4ZWVhNyIsInVuaXF1ZUlkIjoiN2UyYTMxMzUtM2JiOS00YzMwLWJiZWUtZjM1YTA5NThlZWE3IiwidHlwZSI6IkFDQ0VTUyIsImV4cGlyYXRpb25EYXRlIjoiMjAxOS0xMC0zMFQyMDozODo0OC40MTUrMDAwMCIsInJvbGVDb2RlIjoiQ1VTX1VTUiIsImFjdGl2ZVNlc3Npb24iOnRydWUsIm11bHRpRGV2aWNlIjpmYWxzZSwiYXBwbGljYXRpb24iOiJDVVMiLCJwbGF0Zm9ybSI6IkFORCIsImRldmljZUlkIjoiUEYwTkdEdFMxc24xcXE3Y3YzVUVFNGJlSzh4R1lFUGxSelZpTEFBYUJuMFNRdGEiLCJleHAiOjE1NzI0Njc5Mjh9.kJLc4LbSHw6kMS_dn4Dh5TVC4rLIfzsEJOe4xknJYWREXYrHR8VcVnvWxtoYfZGFyvmTbIVQPWE9TD_uOhQ1hg,914995789,50,Pago de menu,400,GEN_ALL_01,
10,Transferir pago con X-Platform  null - resultado 400,PF0NGDtS1sn1qq7cv3UEE4beK8xGYEPlRzViLAAaBn0SQta,null,CUS,eyJhbGciOiJIUzUxMiJ9.eyJpZCI6IjdlMmEzMTM1LTNiYjktNGMzMC1iYmVlLWYzNWEwOTU4ZWVhNyIsInVuaXF1ZUlkIjoiN2UyYTMxMzUtM2JiOS00YzMwLWJiZWUtZjM1YTA5NThlZWE3IiwidHlwZSI6IkFDQ0VTUyIsImV4cGlyYXRpb25EYXRlIjoiMjAxOS0xMC0zMFQyMDozODo0OC40MTUrMDAwMCIsInJvbGVDb2RlIjoiQ1VTX1VTUiIsImFjdGl2ZVNlc3Npb24iOnRydWUsIm11bHRpRGV2aWNlIjpmYWxzZSwiYXBwbGljYXRpb24iOiJDVVMiLCJwbGF0Zm9ybSI6IkFORCIsImRldmljZUlkIjoiUEYwTkdEdFMxc24xcXE3Y3YzVUVFNGJlSzh4R1lFUGxSelZpTEFBYUJuMFNRdGEiLCJleHAiOjE1NzI0Njc5Mjh9.kJLc4LbSHw6kMS_dn4Dh5TVC4rLIfzsEJOe4xknJYWREXYrHR8VcVnvWxtoYfZGFyvmTbIVQPWE9TD_uOhQ1hg,914995789,50,Pago de menu,400,GEN_ALL_01,
11,Transferir pago con X-Platform  Vacio - resultado 400,PF0NGDtS1sn1qq7cv3UEE4beK8xGYEPlRzViLAAaBn0SQta,,CUS,eyJhbGciOiJIUzUxMiJ9.eyJpZCI6IjdlMmEzMTM1LTNiYjktNGMzMC1iYmVlLWYzNWEwOTU4ZWVhNyIsInVuaXF1ZUlkIjoiN2UyYTMxMzUtM2JiOS00YzMwLWJiZWUtZjM1YTA5NThlZWE3IiwidHlwZSI6IkFDQ0VTUyIsImV4cGlyYXRpb25EYXRlIjoiMjAxOS0xMC0zMFQyMDozODo0OC40MTUrMDAwMCIsInJvbGVDb2RlIjoiQ1VTX1VTUiIsImFjdGl2ZVNlc3Npb24iOnRydWUsIm11bHRpRGV2aWNlIjpmYWxzZSwiYXBwbGljYXRpb24iOiJDVVMiLCJwbGF0Zm9ybSI6IkFORCIsImRldmljZUlkIjoiUEYwTkdEdFMxc24xcXE3Y3YzVUVFNGJlSzh4R1lFUGxSelZpTEFBYUJuMFNRdGEiLCJleHAiOjE1NzI0Njc5Mjh9.kJLc4LbSHw6kMS_dn4Dh5TVC4rLIfzsEJOe4xknJYWREXYrHR8VcVnvWxtoYfZGFyvmTbIVQPWE9TD_uOhQ1hg,914995789,50,Pago de menu,400,GEN_ALL_01,
12,Transferir pago con X-Platform  Espacio en blanco - resultado 400,PF0NGDtS1sn1qq7cv3UEE4beK8xGYEPlRzViLAAaBn0SQta, ,CUS,eyJhbGciOiJIUzUxMiJ9.eyJpZCI6IjdlMmEzMTM1LTNiYjktNGMzMC1iYmVlLWYzNWEwOTU4ZWVhNyIsInVuaXF1ZUlkIjoiN2UyYTMxMzUtM2JiOS00YzMwLWJiZWUtZjM1YTA5NThlZWE3IiwidHlwZSI6IkFDQ0VTUyIsImV4cGlyYXRpb25EYXRlIjoiMjAxOS0xMC0zMFQyMDozODo0OC40MTUrMDAwMCIsInJvbGVDb2RlIjoiQ1VTX1VTUiIsImFjdGl2ZVNlc3Npb24iOnRydWUsIm11bHRpRGV2aWNlIjpmYWxzZSwiYXBwbGljYXRpb24iOiJDVVMiLCJwbGF0Zm9ybSI6IkFORCIsImRldmljZUlkIjoiUEYwTkdEdFMxc24xcXE3Y3YzVUVFNGJlSzh4R1lFUGxSelZpTEFBYUJuMFNRdGEiLCJleHAiOjE1NzI0Njc5Mjh9.kJLc4LbSHw6kMS_dn4Dh5TVC4rLIfzsEJOe4xknJYWREXYrHR8VcVnvWxtoYfZGFyvmTbIVQPWE9TD_uOhQ1hg,914995789,50,Pago de menu,400,GEN_ALL_01,
13,Transferir pago con X-Platform  Espacios en blanco - resultado 400,PF0NGDtS1sn1qq7cv3UEE4beK8xGYEPlRzViLAAaBn0SQta,   ,CUS,eyJhbGciOiJIUzUxMiJ9.eyJpZCI6IjdlMmEzMTM1LTNiYjktNGMzMC1iYmVlLWYzNWEwOTU4ZWVhNyIsInVuaXF1ZUlkIjoiN2UyYTMxMzUtM2JiOS00YzMwLWJiZWUtZjM1YTA5NThlZWE3IiwidHlwZSI6IkFDQ0VTUyIsImV4cGlyYXRpb25EYXRlIjoiMjAxOS0xMC0zMFQyMDozODo0OC40MTUrMDAwMCIsInJvbGVDb2RlIjoiQ1VTX1VTUiIsImFjdGl2ZVNlc3Npb24iOnRydWUsIm11bHRpRGV2aWNlIjpmYWxzZSwiYXBwbGljYXRpb24iOiJDVVMiLCJwbGF0Zm9ybSI6IkFORCIsImRldmljZUlkIjoiUEYwTkdEdFMxc24xcXE3Y3YzVUVFNGJlSzh4R1lFUGxSelZpTEFBYUJuMFNRdGEiLCJleHAiOjE1NzI0Njc5Mjh9.kJLc4LbSHw6kMS_dn4Dh5TVC4rLIfzsEJOe4xknJYWREXYrHR8VcVnvWxtoYfZGFyvmTbIVQPWE9TD_uOhQ1hg,914995789,50,Pago de menu,400,GEN_ALL_01,
14,Transferir pago con X-Platform  Menor a la cantidad de caracteres permitidos (2) - resultado 400,PF0NGDtS1sn1qq7cv3UEE4beK8xGYEPlRzViLAAaBn0SQta,AN,CUS,eyJhbGciOiJIUzUxMiJ9.eyJpZCI6IjdlMmEzMTM1LTNiYjktNGMzMC1iYmVlLWYzNWEwOTU4ZWVhNyIsInVuaXF1ZUlkIjoiN2UyYTMxMzUtM2JiOS00YzMwLWJiZWUtZjM1YTA5NThlZWE3IiwidHlwZSI6IkFDQ0VTUyIsImV4cGlyYXRpb25EYXRlIjoiMjAxOS0xMC0zMFQyMDozODo0OC40MTUrMDAwMCIsInJvbGVDb2RlIjoiQ1VTX1VTUiIsImFjdGl2ZVNlc3Npb24iOnRydWUsIm11bHRpRGV2aWNlIjpmYWxzZSwiYXBwbGljYXRpb24iOiJDVVMiLCJwbGF0Zm9ybSI6IkFORCIsImRldmljZUlkIjoiUEYwTkdEdFMxc24xcXE3Y3YzVUVFNGJlSzh4R1lFUGxSelZpTEFBYUJuMFNRdGEiLCJleHAiOjE1NzI0Njc5Mjh9.kJLc4LbSHw6kMS_dn4Dh5TVC4rLIfzsEJOe4xknJYWREXYrHR8VcVnvWxtoYfZGFyvmTbIVQPWE9TD_uOhQ1hg,914995789,50,Pago de menu,400,GEN_ALL_01,
15,Transferir pago con X-Platform  Mayor a la cantidad de caracteres permitidos (4) - resultado 400,PF0NGDtS1sn1qq7cv3UEE4beK8xGYEPlRzViLAAaBn0SQta,ANDR,CUS,eyJhbGciOiJIUzUxMiJ9.eyJpZCI6IjdlMmEzMTM1LTNiYjktNGMzMC1iYmVlLWYzNWEwOTU4ZWVhNyIsInVuaXF1ZUlkIjoiN2UyYTMxMzUtM2JiOS00YzMwLWJiZWUtZjM1YTA5NThlZWE3IiwidHlwZSI6IkFDQ0VTUyIsImV4cGlyYXRpb25EYXRlIjoiMjAxOS0xMC0zMFQyMDozODo0OC40MTUrMDAwMCIsInJvbGVDb2RlIjoiQ1VTX1VTUiIsImFjdGl2ZVNlc3Npb24iOnRydWUsIm11bHRpRGV2aWNlIjpmYWxzZSwiYXBwbGljYXRpb24iOiJDVVMiLCJwbGF0Zm9ybSI6IkFORCIsImRldmljZUlkIjoiUEYwTkdEdFMxc24xcXE3Y3YzVUVFNGJlSzh4R1lFUGxSelZpTEFBYUJuMFNRdGEiLCJleHAiOjE1NzI0Njc5Mjh9.kJLc4LbSHw6kMS_dn4Dh5TVC4rLIfzsEJOe4xknJYWREXYrHR8VcVnvWxtoYfZGFyvmTbIVQPWE9TD_uOhQ1hg,914995789,50,Pago de menu,400,GEN_ALL_01,
16,Transferir pago con X-Platform  Caracteres especiales (Extraños) - resultado 400,PF0NGDtS1sn1qq7cv3UEE4beK8xGYEPlRzViLAAaBn0SQta,$#%,CUS,eyJhbGciOiJIUzUxMiJ9.eyJpZCI6IjdlMmEzMTM1LTNiYjktNGMzMC1iYmVlLWYzNWEwOTU4ZWVhNyIsInVuaXF1ZUlkIjoiN2UyYTMxMzUtM2JiOS00YzMwLWJiZWUtZjM1YTA5NThlZWE3IiwidHlwZSI6IkFDQ0VTUyIsImV4cGlyYXRpb25EYXRlIjoiMjAxOS0xMC0zMFQyMDozODo0OC40MTUrMDAwMCIsInJvbGVDb2RlIjoiQ1VTX1VTUiIsImFjdGl2ZVNlc3Npb24iOnRydWUsIm11bHRpRGV2aWNlIjpmYWxzZSwiYXBwbGljYXRpb24iOiJDVVMiLCJwbGF0Zm9ybSI6IkFORCIsImRldmljZUlkIjoiUEYwTkdEdFMxc24xcXE3Y3YzVUVFNGJlSzh4R1lFUGxSelZpTEFBYUJuMFNRdGEiLCJleHAiOjE1NzI0Njc5Mjh9.kJLc4LbSHw6kMS_dn4Dh5TVC4rLIfzsEJOe4xknJYWREXYrHR8VcVnvWxtoYfZGFyvmTbIVQPWE9TD_uOhQ1hg,914995789,50,Pago de menu,400,GEN_ALL_01,
17,Transferir pago con X-Application Incorrecto - resultado 400,PF0NGDtS1sn1qq7cv3UEE4beK8xGYEPlRzViLAAaBn0SQta,IOS,SUC,eyJhbGciOiJIUzUxMiJ9.eyJpZCI6IjdlMmEzMTM1LTNiYjktNGMzMC1iYmVlLWYzNWEwOTU4ZWVhNyIsInVuaXF1ZUlkIjoiN2UyYTMxMzUtM2JiOS00YzMwLWJiZWUtZjM1YTA5NThlZWE3IiwidHlwZSI6IkFDQ0VTUyIsImV4cGlyYXRpb25EYXRlIjoiMjAxOS0xMC0zMFQyMDozODo0OC40MTUrMDAwMCIsInJvbGVDb2RlIjoiQ1VTX1VTUiIsImFjdGl2ZVNlc3Npb24iOnRydWUsIm11bHRpRGV2aWNlIjpmYWxzZSwiYXBwbGljYXRpb24iOiJDVVMiLCJwbGF0Zm9ybSI6IkFORCIsImRldmljZUlkIjoiUEYwTkdEdFMxc24xcXE3Y3YzVUVFNGJlSzh4R1lFUGxSelZpTEFBYUJuMFNRdGEiLCJleHAiOjE1NzI0Njc5Mjh9.kJLc4LbSHw6kMS_dn4Dh5TVC4rLIfzsEJOe4xknJYWREXYrHR8VcVnvWxtoYfZGFyvmTbIVQPWE9TD_uOhQ1hg,914995789,50,Pago de menu,400,GEN_ALL_01,
18,Transferir pago con X-Application null - resultado 400,PF0NGDtS1sn1qq7cv3UEE4beK8xGYEPlRzViLAAaBn0SQta,AND,null,eyJhbGciOiJIUzUxMiJ9.eyJpZCI6IjdlMmEzMTM1LTNiYjktNGMzMC1iYmVlLWYzNWEwOTU4ZWVhNyIsInVuaXF1ZUlkIjoiN2UyYTMxMzUtM2JiOS00YzMwLWJiZWUtZjM1YTA5NThlZWE3IiwidHlwZSI6IkFDQ0VTUyIsImV4cGlyYXRpb25EYXRlIjoiMjAxOS0xMC0zMFQyMDozODo0OC40MTUrMDAwMCIsInJvbGVDb2RlIjoiQ1VTX1VTUiIsImFjdGl2ZVNlc3Npb24iOnRydWUsIm11bHRpRGV2aWNlIjpmYWxzZSwiYXBwbGljYXRpb24iOiJDVVMiLCJwbGF0Zm9ybSI6IkFORCIsImRldmljZUlkIjoiUEYwTkdEdFMxc24xcXE3Y3YzVUVFNGJlSzh4R1lFUGxSelZpTEFBYUJuMFNRdGEiLCJleHAiOjE1NzI0Njc5Mjh9.kJLc4LbSHw6kMS_dn4Dh5TVC4rLIfzsEJOe4xknJYWREXYrHR8VcVnvWxtoYfZGFyvmTbIVQPWE9TD_uOhQ1hg,914995789,50,Pago de menu,400,GEN_ALL_01,
19,Transferir pago con X-Application Vacio - resultado 400,PF0NGDtS1sn1qq7cv3UEE4beK8xGYEPlRzViLAAaBn0SQta,AND,,eyJhbGciOiJIUzUxMiJ9.eyJpZCI6IjdlMmEzMTM1LTNiYjktNGMzMC1iYmVlLWYzNWEwOTU4ZWVhNyIsInVuaXF1ZUlkIjoiN2UyYTMxMzUtM2JiOS00YzMwLWJiZWUtZjM1YTA5NThlZWE3IiwidHlwZSI6IkFDQ0VTUyIsImV4cGlyYXRpb25EYXRlIjoiMjAxOS0xMC0zMFQyMDozODo0OC40MTUrMDAwMCIsInJvbGVDb2RlIjoiQ1VTX1VTUiIsImFjdGl2ZVNlc3Npb24iOnRydWUsIm11bHRpRGV2aWNlIjpmYWxzZSwiYXBwbGljYXRpb24iOiJDVVMiLCJwbGF0Zm9ybSI6IkFORCIsImRldmljZUlkIjoiUEYwTkdEdFMxc24xcXE3Y3YzVUVFNGJlSzh4R1lFUGxSelZpTEFBYUJuMFNRdGEiLCJleHAiOjE1NzI0Njc5Mjh9.kJLc4LbSHw6kMS_dn4Dh5TVC4rLIfzsEJOe4xknJYWREXYrHR8VcVnvWxtoYfZGFyvmTbIVQPWE9TD_uOhQ1hg,914995789,50,Pago de menu,400,GEN_ALL_01,
20,Transferir pago con X-Application Espacio en blanco - resultado 400,PF0NGDtS1sn1qq7cv3UEE4beK8xGYEPlRzViLAAaBn0SQta,IOS,   ,eyJhbGciOiJIUzUxMiJ9.eyJpZCI6IjdlMmEzMTM1LTNiYjktNGMzMC1iYmVlLWYzNWEwOTU4ZWVhNyIsInVuaXF1ZUlkIjoiN2UyYTMxMzUtM2JiOS00YzMwLWJiZWUtZjM1YTA5NThlZWE3IiwidHlwZSI6IkFDQ0VTUyIsImV4cGlyYXRpb25EYXRlIjoiMjAxOS0xMC0zMFQyMDozODo0OC40MTUrMDAwMCIsInJvbGVDb2RlIjoiQ1VTX1VTUiIsImFjdGl2ZVNlc3Npb24iOnRydWUsIm11bHRpRGV2aWNlIjpmYWxzZSwiYXBwbGljYXRpb24iOiJDVVMiLCJwbGF0Zm9ybSI6IkFORCIsImRldmljZUlkIjoiUEYwTkdEdFMxc24xcXE3Y3YzVUVFNGJlSzh4R1lFUGxSelZpTEFBYUJuMFNRdGEiLCJleHAiOjE1NzI0Njc5Mjh9.kJLc4LbSHw6kMS_dn4Dh5TVC4rLIfzsEJOe4xknJYWREXYrHR8VcVnvWxtoYfZGFyvmTbIVQPWE9TD_uOhQ1hg,914995789,50,Pago de menu,400,GEN_ALL_01,
21,Transferir pago con X-Application Espacios en blanco - resultado 400,PF0NGDtS1sn1qq7cv3UEE4beK8xGYEPlRzViLAAaBn0SQta,AND,   ,eyJhbGciOiJIUzUxMiJ9.eyJpZCI6IjdlMmEzMTM1LTNiYjktNGMzMC1iYmVlLWYzNWEwOTU4ZWVhNyIsInVuaXF1ZUlkIjoiN2UyYTMxMzUtM2JiOS00YzMwLWJiZWUtZjM1YTA5NThlZWE3IiwidHlwZSI6IkFDQ0VTUyIsImV4cGlyYXRpb25EYXRlIjoiMjAxOS0xMC0zMFQyMDozODo0OC40MTUrMDAwMCIsInJvbGVDb2RlIjoiQ1VTX1VTUiIsImFjdGl2ZVNlc3Npb24iOnRydWUsIm11bHRpRGV2aWNlIjpmYWxzZSwiYXBwbGljYXRpb24iOiJDVVMiLCJwbGF0Zm9ybSI6IkFORCIsImRldmljZUlkIjoiUEYwTkdEdFMxc24xcXE3Y3YzVUVFNGJlSzh4R1lFUGxSelZpTEFBYUJuMFNRdGEiLCJleHAiOjE1NzI0Njc5Mjh9.kJLc4LbSHw6kMS_dn4Dh5TVC4rLIfzsEJOe4xknJYWREXYrHR8VcVnvWxtoYfZGFyvmTbIVQPWE9TD_uOhQ1hg,914995789,50,Pago de menu,400,GEN_ALL_01,
22,Transferir pago con X-Application Menor a la cantidad de caracteres permitidos (2) - resultado 400,PF0NGDtS1sn1qq7cv3UEE4beK8xGYEPlRzViLAAaBn0SQta,IOS,C,eyJhbGciOiJIUzUxMiJ9.eyJpZCI6IjdlMmEzMTM1LTNiYjktNGMzMC1iYmVlLWYzNWEwOTU4ZWVhNyIsInVuaXF1ZUlkIjoiN2UyYTMxMzUtM2JiOS00YzMwLWJiZWUtZjM1YTA5NThlZWE3IiwidHlwZSI6IkFDQ0VTUyIsImV4cGlyYXRpb25EYXRlIjoiMjAxOS0xMC0zMFQyMDozODo0OC40MTUrMDAwMCIsInJvbGVDb2RlIjoiQ1VTX1VTUiIsImFjdGl2ZVNlc3Npb24iOnRydWUsIm11bHRpRGV2aWNlIjpmYWxzZSwiYXBwbGljYXRpb24iOiJDVVMiLCJwbGF0Zm9ybSI6IkFORCIsImRldmljZUlkIjoiUEYwTkdEdFMxc24xcXE3Y3YzVUVFNGJlSzh4R1lFUGxSelZpTEFBYUJuMFNRdGEiLCJleHAiOjE1NzI0Njc5Mjh9.kJLc4LbSHw6kMS_dn4Dh5TVC4rLIfzsEJOe4xknJYWREXYrHR8VcVnvWxtoYfZGFyvmTbIVQPWE9TD_uOhQ1hg,914995789,50,Pago de menu,400,GEN_ALL_01,
23,Transferir pago con X-Application Mayor a la cantidad de caracteres permitidos (4) - resultado 400,PF0NGDtS1sn1qq7cv3UEE4beK8xGYEPlRzViLAAaBn0SQta,AND,CUSS,eyJhbGciOiJIUzUxMiJ9.eyJpZCI6IjdlMmEzMTM1LTNiYjktNGMzMC1iYmVlLWYzNWEwOTU4ZWVhNyIsInVuaXF1ZUlkIjoiN2UyYTMxMzUtM2JiOS00YzMwLWJiZWUtZjM1YTA5NThlZWE3IiwidHlwZSI6IkFDQ0VTUyIsImV4cGlyYXRpb25EYXRlIjoiMjAxOS0xMC0zMFQyMDozODo0OC40MTUrMDAwMCIsInJvbGVDb2RlIjoiQ1VTX1VTUiIsImFjdGl2ZVNlc3Npb24iOnRydWUsIm11bHRpRGV2aWNlIjpmYWxzZSwiYXBwbGljYXRpb24iOiJDVVMiLCJwbGF0Zm9ybSI6IkFORCIsImRldmljZUlkIjoiUEYwTkdEdFMxc24xcXE3Y3YzVUVFNGJlSzh4R1lFUGxSelZpTEFBYUJuMFNRdGEiLCJleHAiOjE1NzI0Njc5Mjh9.kJLc4LbSHw6kMS_dn4Dh5TVC4rLIfzsEJOe4xknJYWREXYrHR8VcVnvWxtoYfZGFyvmTbIVQPWE9TD_uOhQ1hg,914995789,50,Pago de menu,400,GEN_ALL_01,
24,Transferir pago con X-Application Caracteres especiales (Extraños) - resultado 400,PF0NGDtS1sn1qq7cv3UEE4beK8xGYEPlRzViLAAaBn0SQta,IOS,#$&,eyJhbGciOiJIUzUxMiJ9.eyJpZCI6IjdlMmEzMTM1LTNiYjktNGMzMC1iYmVlLWYzNWEwOTU4ZWVhNyIsInVuaXF1ZUlkIjoiN2UyYTMxMzUtM2JiOS00YzMwLWJiZWUtZjM1YTA5NThlZWE3IiwidHlwZSI6IkFDQ0VTUyIsImV4cGlyYXRpb25EYXRlIjoiMjAxOS0xMC0zMFQyMDozODo0OC40MTUrMDAwMCIsInJvbGVDb2RlIjoiQ1VTX1VTUiIsImFjdGl2ZVNlc3Npb24iOnRydWUsIm11bHRpRGV2aWNlIjpmYWxzZSwiYXBwbGljYXRpb24iOiJDVVMiLCJwbGF0Zm9ybSI6IkFORCIsImRldmljZUlkIjoiUEYwTkdEdFMxc24xcXE3Y3YzVUVFNGJlSzh4R1lFUGxSelZpTEFBYUJuMFNRdGEiLCJleHAiOjE1NzI0Njc5Mjh9.kJLc4LbSHw6kMS_dn4Dh5TVC4rLIfzsEJOe4xknJYWREXYrHR8VcVnvWxtoYfZGFyvmTbIVQPWE9TD_uOhQ1hg,914995789,50,Pago de menu,400,GEN_ALL_01,
25,Transferir pago con Authorization incorrecto - resultado 403,PF0NGDtS1sn1qq7cv3UEE4beK8xGYEPlRzViLAAaBn0SQta,AND,CUS,ushkjsdhksdhksoweu2309582305,914995789,50,Pago de menu,403,GEN_ALL_04,NO
26,Transferir pago con Authorization null - resultado 403,PF0NGDtS1sn1qq7cv3UEE4beK8xGYEPlRzViLAAaBn0SQta,AND,CUS,null,914995789,50,Pago de menu,403,GEN_ALL_04,NO
27,Transferir pago con Authorization Vacio - resultado 400,PF0NGDtS1sn1qq7cv3UEE4beK8xGYEPlRzViLAAaBn0SQta,IOS,CUS,,914995789,50,Pago de menu,400,GEN_ALL_01,NO
28,Transferir pago con Authorization Espacio en blanco - resultado 400,PF0NGDtS1sn1qq7cv3UEE4beK8xGYEPlRzViLAAaBn0SQta,AND,CUS, ,914995789,50,Pago de menu,400,GEN_ALL_01,NO
29,Transferir pago con Authorization Espacios en blanco - resultado 400,PF0NGDtS1sn1qq7cv3UEE4beK8xGYEPlRzViLAAaBn0SQta,AND,CUS,             ,914995789,50,Pago de menu,400,GEN_ALL_01,NO
30,Transferir pago con Authorization expirado - resultado 401,PF0NGDtS1sn1qq7cv3UEE4beK8xGYEPlRzViLAAaBn0SQta,AND,CUS,eyJhbGciOiJIUzUxMiJ9.eyJpZCI6IjdlMmEzMTM1LTNiYjktNGMzMC1iYmVlLWYzNWEwOTU4ZWVhNyIsInVuaXF1ZUlkIjoiN2UyYTMxMzUtM2JiOS00YzMwLWJiZWUtZjM1YTA5NThlZWE3IiwidHlwZSI6IkFDQ0VTUyIsImV4cGlyYXRpb25EYXRlIjoiMjAxOS0xMC0zMFQyMDozODo0OC40MTUrMDAwMCIsInJvbGVDb2RlIjoiQ1VTX1VTUiIsImFjdGl2ZVNlc3Npb24iOnRydWUsIm11bHRpRGV2aWNlIjpmYWxzZSwiYXBwbGljYXRpb24iOiJDVVMiLCJwbGF0Zm9ybSI6IkFORCIsImRldmljZUlkIjoiUEYwTkdEdFMxc24xcXE3Y3YzVUVFNGJlSzh4R1lFUGxSelZpTEFBYUJuMFNRdGEiLCJleHAiOjE1NzI0Njc5Mjh9.kJLc4LbSHw6kMS_dn4Dh5TVC4rLIfzsEJOe4xknJYWREXYrHR8VcVnvWxtoYfZGFyvmTbIVQPWE9TD_uOhQ1hg,914995789,50,Pago de menu,401,GEN_ALL_03,NO
31,Transferir pago con identifierDestination incorrecto - resultado 400,PF0NGDtS1sn1qq7cv3UEE4beK8xGYEPlRzViLAAaBn0SQta,AND,CUS,eyJhbGciOiJIUzUxMiJ9.eyJpZCI6IjdlMmEzMTM1LTNiYjktNGMzMC1iYmVlLWYzNWEwOTU4ZWVhNyIsInVuaXF1ZUlkIjoiN2UyYTMxMzUtM2JiOS00YzMwLWJiZWUtZjM1YTA5NThlZWE3IiwidHlwZSI6IkFDQ0VTUyIsImV4cGlyYXRpb25EYXRlIjoiMjAxOS0xMC0zMFQyMDozODo0OC40MTUrMDAwMCIsInJvbGVDb2RlIjoiQ1VTX1VTUiIsImFjdGl2ZVNlc3Npb24iOnRydWUsIm11bHRpRGV2aWNlIjpmYWxzZSwiYXBwbGljYXRpb24iOiJDVVMiLCJwbGF0Zm9ybSI6IkFORCIsImRldmljZUlkIjoiUEYwTkdEdFMxc24xcXE3Y3YzVUVFNGJlSzh4R1lFUGxSelZpTEFBYUJuMFNRdGEiLCJleHAiOjE1NzI0Njc5Mjh9.kJLc4LbSHw6kMS_dn4Dh5TVC4rLIfzsEJOe4xknJYWREXYrHR8VcVnvWxtoYfZGFyvmTbIVQPWE9TD_uOhQ1hg,9149957,50,Pago de menu,400,GEN_ALL_01,
32,Transferir pago con identifierDestination null - resultado 400,PF0NGDtS1sn1qq7cv3UEE4beK8xGYEPlRzViLAAaBn0SQta,AND,CUS,eyJhbGciOiJIUzUxMiJ9.eyJpZCI6IjdlMmEzMTM1LTNiYjktNGMzMC1iYmVlLWYzNWEwOTU4ZWVhNyIsInVuaXF1ZUlkIjoiN2UyYTMxMzUtM2JiOS00YzMwLWJiZWUtZjM1YTA5NThlZWE3IiwidHlwZSI6IkFDQ0VTUyIsImV4cGlyYXRpb25EYXRlIjoiMjAxOS0xMC0zMFQyMDozODo0OC40MTUrMDAwMCIsInJvbGVDb2RlIjoiQ1VTX1VTUiIsImFjdGl2ZVNlc3Npb24iOnRydWUsIm11bHRpRGV2aWNlIjpmYWxzZSwiYXBwbGljYXRpb24iOiJDVVMiLCJwbGF0Zm9ybSI6IkFORCIsImRldmljZUlkIjoiUEYwTkdEdFMxc24xcXE3Y3YzVUVFNGJlSzh4R1lFUGxSelZpTEFBYUJuMFNRdGEiLCJleHAiOjE1NzI0Njc5Mjh9.kJLc4LbSHw6kMS_dn4Dh5TVC4rLIfzsEJOe4xknJYWREXYrHR8VcVnvWxtoYfZGFyvmTbIVQPWE9TD_uOhQ1hg,null,50,Pago de menu,400,GEN_ALL_01,
33,Transferir pago con identifierDestination Vacio - resultado 400,PF0NGDtS1sn1qq7cv3UEE4beK8xGYEPlRzViLAAaBn0SQta,AND,CUS,eyJhbGciOiJIUzUxMiJ9.eyJpZCI6IjdlMmEzMTM1LTNiYjktNGMzMC1iYmVlLWYzNWEwOTU4ZWVhNyIsInVuaXF1ZUlkIjoiN2UyYTMxMzUtM2JiOS00YzMwLWJiZWUtZjM1YTA5NThlZWE3IiwidHlwZSI6IkFDQ0VTUyIsImV4cGlyYXRpb25EYXRlIjoiMjAxOS0xMC0zMFQyMDozODo0OC40MTUrMDAwMCIsInJvbGVDb2RlIjoiQ1VTX1VTUiIsImFjdGl2ZVNlc3Npb24iOnRydWUsIm11bHRpRGV2aWNlIjpmYWxzZSwiYXBwbGljYXRpb24iOiJDVVMiLCJwbGF0Zm9ybSI6IkFORCIsImRldmljZUlkIjoiUEYwTkdEdFMxc24xcXE3Y3YzVUVFNGJlSzh4R1lFUGxSelZpTEFBYUJuMFNRdGEiLCJleHAiOjE1NzI0Njc5Mjh9.kJLc4LbSHw6kMS_dn4Dh5TVC4rLIfzsEJOe4xknJYWREXYrHR8VcVnvWxtoYfZGFyvmTbIVQPWE9TD_uOhQ1hg,,50,Pago de menu,400,GEN_ALL_01,
34,Transferir pago con identifierDestination Espacios en blanco - resultado 400,PF0NGDtS1sn1qq7cv3UEE4beK8xGYEPlRzViLAAaBn0SQta,IOS,CUS,eyJhbGciOiJIUzUxMiJ9.eyJpZCI6IjdlMmEzMTM1LTNiYjktNGMzMC1iYmVlLWYzNWEwOTU4ZWVhNyIsInVuaXF1ZUlkIjoiN2UyYTMxMzUtM2JiOS00YzMwLWJiZWUtZjM1YTA5NThlZWE3IiwidHlwZSI6IkFDQ0VTUyIsImV4cGlyYXRpb25EYXRlIjoiMjAxOS0xMC0zMFQyMDozODo0OC40MTUrMDAwMCIsInJvbGVDb2RlIjoiQ1VTX1VTUiIsImFjdGl2ZVNlc3Npb24iOnRydWUsIm11bHRpRGV2aWNlIjpmYWxzZSwiYXBwbGljYXRpb24iOiJDVVMiLCJwbGF0Zm9ybSI6IkFORCIsImRldmljZUlkIjoiUEYwTkdEdFMxc24xcXE3Y3YzVUVFNGJlSzh4R1lFUGxSelZpTEFBYUJuMFNRdGEiLCJleHAiOjE1NzI0Njc5Mjh9.kJLc4LbSHw6kMS_dn4Dh5TVC4rLIfzsEJOe4xknJYWREXYrHR8VcVnvWxtoYfZGFyvmTbIVQPWE9TD_uOhQ1hg,    ,50,Pago de menu,400,GEN_ALL_01,
35,Transferir pago con identifierDestination caracteres especiales - resultado 400,PF0NGDtS1sn1qq7cv3UEE4beK8xGYEPlRzViLAAaBn0SQta,AND,CUS,eyJhbGciOiJIUzUxMiJ9.eyJpZCI6IjdlMmEzMTM1LTNiYjktNGMzMC1iYmVlLWYzNWEwOTU4ZWVhNyIsInVuaXF1ZUlkIjoiN2UyYTMxMzUtM2JiOS00YzMwLWJiZWUtZjM1YTA5NThlZWE3IiwidHlwZSI6IkFDQ0VTUyIsImV4cGlyYXRpb25EYXRlIjoiMjAxOS0xMC0zMFQyMDozODo0OC40MTUrMDAwMCIsInJvbGVDb2RlIjoiQ1VTX1VTUiIsImFjdGl2ZVNlc3Npb24iOnRydWUsIm11bHRpRGV2aWNlIjpmYWxzZSwiYXBwbGljYXRpb24iOiJDVVMiLCJwbGF0Zm9ybSI6IkFORCIsImRldmljZUlkIjoiUEYwTkdEdFMxc24xcXE3Y3YzVUVFNGJlSzh4R1lFUGxSelZpTEFBYUJuMFNRdGEiLCJleHAiOjE1NzI0Njc5Mjh9.kJLc4LbSHw6kMS_dn4Dh5TVC4rLIfzsEJOe4xknJYWREXYrHR8VcVnvWxtoYfZGFyvmTbIVQPWE9TD_uOhQ1hg,95456#$&6,50,Pago de menu,400,GEN_ALL_01,
36,Transferir pago con identifierDestination que no es tunki - resultado 500,PF0NGDtS1sn1qq7cv3UEE4beK8xGYEPlRzViLAAaBn0SQta,AND,CUS,eyJhbGciOiJIUzUxMiJ9.eyJpZCI6IjdlMmEzMTM1LTNiYjktNGMzMC1iYmVlLWYzNWEwOTU4ZWVhNyIsInVuaXF1ZUlkIjoiN2UyYTMxMzUtM2JiOS00YzMwLWJiZWUtZjM1YTA5NThlZWE3IiwidHlwZSI6IkFDQ0VTUyIsImV4cGlyYXRpb25EYXRlIjoiMjAxOS0xMC0zMFQyMDozODo0OC40MTUrMDAwMCIsInJvbGVDb2RlIjoiQ1VTX1VTUiIsImFjdGl2ZVNlc3Npb24iOnRydWUsIm11bHRpRGV2aWNlIjpmYWxzZSwiYXBwbGljYXRpb24iOiJDVVMiLCJwbGF0Zm9ybSI6IkFORCIsImRldmljZUlkIjoiUEYwTkdEdFMxc24xcXE3Y3YzVUVFNGJlSzh4R1lFUGxSelZpTEFBYUJuMFNRdGEiLCJleHAiOjE1NzI0Njc5Mjh9.kJLc4LbSHw6kMS_dn4Dh5TVC4rLIfzsEJOe4xknJYWREXYrHR8VcVnvWxtoYfZGFyvmTbIVQPWE9TD_uOhQ1hg,914995700,50,Pago de menu,500,GEN_ALL_02,
37,Transferir pago con identifierDestination deshabilitado - resultado 500,PF0NGDtS1sn1qq7cv3UEE4beK8xGYEPlRzViLAAaBn0SQta,AND,CUS,eyJhbGciOiJIUzUxMiJ9.eyJpZCI6IjdlMmEzMTM1LTNiYjktNGMzMC1iYmVlLWYzNWEwOTU4ZWVhNyIsInVuaXF1ZUlkIjoiN2UyYTMxMzUtM2JiOS00YzMwLWJiZWUtZjM1YTA5NThlZWE3IiwidHlwZSI6IkFDQ0VTUyIsImV4cGlyYXRpb25EYXRlIjoiMjAxOS0xMC0zMFQyMDozODo0OC40MTUrMDAwMCIsInJvbGVDb2RlIjoiQ1VTX1VTUiIsImFjdGl2ZVNlc3Npb24iOnRydWUsIm11bHRpRGV2aWNlIjpmYWxzZSwiYXBwbGljYXRpb24iOiJDVVMiLCJwbGF0Zm9ybSI6IkFORCIsImRldmljZUlkIjoiUEYwTkdEdFMxc24xcXE3Y3YzVUVFNGJlSzh4R1lFUGxSelZpTEFBYUJuMFNRdGEiLCJleHAiOjE1NzI0Njc5Mjh9.kJLc4LbSHw6kMS_dn4Dh5TVC4rLIfzsEJOe4xknJYWREXYrHR8VcVnvWxtoYfZGFyvmTbIVQPWE9TD_uOhQ1hg,912365472,50,Pago de menu,500,GEN_ALL_02,
38,Transferir pago con amount null - resultado 400,PF0NGDtS1sn1qq7cv3UEE4beK8xGYEPlRzViLAAaBn0SQta,AND,CUS,eyJhbGciOiJIUzUxMiJ9.eyJpZCI6IjdlMmEzMTM1LTNiYjktNGMzMC1iYmVlLWYzNWEwOTU4ZWVhNyIsInVuaXF1ZUlkIjoiN2UyYTMxMzUtM2JiOS00YzMwLWJiZWUtZjM1YTA5NThlZWE3IiwidHlwZSI6IkFDQ0VTUyIsImV4cGlyYXRpb25EYXRlIjoiMjAxOS0xMC0zMFQyMDozODo0OC40MTUrMDAwMCIsInJvbGVDb2RlIjoiQ1VTX1VTUiIsImFjdGl2ZVNlc3Npb24iOnRydWUsIm11bHRpRGV2aWNlIjpmYWxzZSwiYXBwbGljYXRpb24iOiJDVVMiLCJwbGF0Zm9ybSI6IkFORCIsImRldmljZUlkIjoiUEYwTkdEdFMxc24xcXE3Y3YzVUVFNGJlSzh4R1lFUGxSelZpTEFBYUJuMFNRdGEiLCJleHAiOjE1NzI0Njc5Mjh9.kJLc4LbSHw6kMS_dn4Dh5TVC4rLIfzsEJOe4xknJYWREXYrHR8VcVnvWxtoYfZGFyvmTbIVQPWE9TD_uOhQ1hg,914995789,null,Pago de menu,400,GEN_ALL_01,
39,Transferir pago con amount en blanco - resultado 400,PF0NGDtS1sn1qq7cv3UEE4beK8xGYEPlRzViLAAaBn0SQta,AND,CUS,eyJhbGciOiJIUzUxMiJ9.eyJpZCI6IjdlMmEzMTM1LTNiYjktNGMzMC1iYmVlLWYzNWEwOTU4ZWVhNyIsInVuaXF1ZUlkIjoiN2UyYTMxMzUtM2JiOS00YzMwLWJiZWUtZjM1YTA5NThlZWE3IiwidHlwZSI6IkFDQ0VTUyIsImV4cGlyYXRpb25EYXRlIjoiMjAxOS0xMC0zMFQyMDozODo0OC40MTUrMDAwMCIsInJvbGVDb2RlIjoiQ1VTX1VTUiIsImFjdGl2ZVNlc3Npb24iOnRydWUsIm11bHRpRGV2aWNlIjpmYWxzZSwiYXBwbGljYXRpb24iOiJDVVMiLCJwbGF0Zm9ybSI6IkFORCIsImRldmljZUlkIjoiUEYwTkdEdFMxc24xcXE3Y3YzVUVFNGJlSzh4R1lFUGxSelZpTEFBYUJuMFNRdGEiLCJleHAiOjE1NzI0Njc5Mjh9.kJLc4LbSHw6kMS_dn4Dh5TVC4rLIfzsEJOe4xknJYWREXYrHR8VcVnvWxtoYfZGFyvmTbIVQPWE9TD_uOhQ1hg,914995789,,Pago de menu,400,GEN_ALL_01,
40,Transferir pago con amount solo letras - resultado 400,PF0NGDtS1sn1qq7cv3UEE4beK8xGYEPlRzViLAAaBn0SQta,AND,CUS,eyJhbGciOiJIUzUxMiJ9.eyJpZCI6IjdlMmEzMTM1LTNiYjktNGMzMC1iYmVlLWYzNWEwOTU4ZWVhNyIsInVuaXF1ZUlkIjoiN2UyYTMxMzUtM2JiOS00YzMwLWJiZWUtZjM1YTA5NThlZWE3IiwidHlwZSI6IkFDQ0VTUyIsImV4cGlyYXRpb25EYXRlIjoiMjAxOS0xMC0zMFQyMDozODo0OC40MTUrMDAwMCIsInJvbGVDb2RlIjoiQ1VTX1VTUiIsImFjdGl2ZVNlc3Npb24iOnRydWUsIm11bHRpRGV2aWNlIjpmYWxzZSwiYXBwbGljYXRpb24iOiJDVVMiLCJwbGF0Zm9ybSI6IkFORCIsImRldmljZUlkIjoiUEYwTkdEdFMxc24xcXE3Y3YzVUVFNGJlSzh4R1lFUGxSelZpTEFBYUJuMFNRdGEiLCJleHAiOjE1NzI0Njc5Mjh9.kJLc4LbSHw6kMS_dn4Dh5TVC4rLIfzsEJOe4xknJYWREXYrHR8VcVnvWxtoYfZGFyvmTbIVQPWE9TD_uOhQ1hg,914995789,dhd,Pago de menu,400,GEN_ALL_01,
41,Transferir pago con amount caracteres especiales - resultado 400,PF0NGDtS1sn1qq7cv3UEE4beK8xGYEPlRzViLAAaBn0SQta,AND,CUS,eyJhbGciOiJIUzUxMiJ9.eyJpZCI6IjdlMmEzMTM1LTNiYjktNGMzMC1iYmVlLWYzNWEwOTU4ZWVhNyIsInVuaXF1ZUlkIjoiN2UyYTMxMzUtM2JiOS00YzMwLWJiZWUtZjM1YTA5NThlZWE3IiwidHlwZSI6IkFDQ0VTUyIsImV4cGlyYXRpb25EYXRlIjoiMjAxOS0xMC0zMFQyMDozODo0OC40MTUrMDAwMCIsInJvbGVDb2RlIjoiQ1VTX1VTUiIsImFjdGl2ZVNlc3Npb24iOnRydWUsIm11bHRpRGV2aWNlIjpmYWxzZSwiYXBwbGljYXRpb24iOiJDVVMiLCJwbGF0Zm9ybSI6IkFORCIsImRldmljZUlkIjoiUEYwTkdEdFMxc24xcXE3Y3YzVUVFNGJlSzh4R1lFUGxSelZpTEFBYUJuMFNRdGEiLCJleHAiOjE1NzI0Njc5Mjh9.kJLc4LbSHw6kMS_dn4Dh5TVC4rLIfzsEJOe4xknJYWREXYrHR8VcVnvWxtoYfZGFyvmTbIVQPWE9TD_uOhQ1hg,914995789,#$&,Pago de menu,400,GEN_ALL_01,
42,Transferir pago con amount menor a cero - resultado 400,PF0NGDtS1sn1qq7cv3UEE4beK8xGYEPlRzViLAAaBn0SQta,AND,CUS,eyJhbGciOiJIUzUxMiJ9.eyJpZCI6IjdlMmEzMTM1LTNiYjktNGMzMC1iYmVlLWYzNWEwOTU4ZWVhNyIsInVuaXF1ZUlkIjoiN2UyYTMxMzUtM2JiOS00YzMwLWJiZWUtZjM1YTA5NThlZWE3IiwidHlwZSI6IkFDQ0VTUyIsImV4cGlyYXRpb25EYXRlIjoiMjAxOS0xMC0zMFQyMDozODo0OC40MTUrMDAwMCIsInJvbGVDb2RlIjoiQ1VTX1VTUiIsImFjdGl2ZVNlc3Npb24iOnRydWUsIm11bHRpRGV2aWNlIjpmYWxzZSwiYXBwbGljYXRpb24iOiJDVVMiLCJwbGF0Zm9ybSI6IkFORCIsImRldmljZUlkIjoiUEYwTkdEdFMxc24xcXE3Y3YzVUVFNGJlSzh4R1lFUGxSelZpTEFBYUJuMFNRdGEiLCJleHAiOjE1NzI0Njc5Mjh9.kJLc4LbSHw6kMS_dn4Dh5TVC4rLIfzsEJOe4xknJYWREXYrHR8VcVnvWxtoYfZGFyvmTbIVQPWE9TD_uOhQ1hg,914995789,-20,Pago de menu,400,GEN_ALL_01,
43,Transferir pago con amount mayor a monto maximo - resultado 422,PF0NGDtS1sn1qq7cv3UEE4beK8xGYEPlRzViLAAaBn0SQta,AND,CUS,eyJhbGciOiJIUzUxMiJ9.eyJpZCI6IjdlMmEzMTM1LTNiYjktNGMzMC1iYmVlLWYzNWEwOTU4ZWVhNyIsInVuaXF1ZUlkIjoiN2UyYTMxMzUtM2JiOS00YzMwLWJiZWUtZjM1YTA5NThlZWE3IiwidHlwZSI6IkFDQ0VTUyIsImV4cGlyYXRpb25EYXRlIjoiMjAxOS0xMC0zMFQyMDozODo0OC40MTUrMDAwMCIsInJvbGVDb2RlIjoiQ1VTX1VTUiIsImFjdGl2ZVNlc3Npb24iOnRydWUsIm11bHRpRGV2aWNlIjpmYWxzZSwiYXBwbGljYXRpb24iOiJDVVMiLCJwbGF0Zm9ybSI6IkFORCIsImRldmljZUlkIjoiUEYwTkdEdFMxc24xcXE3Y3YzVUVFNGJlSzh4R1lFUGxSelZpTEFBYUJuMFNRdGEiLCJleHAiOjE1NzI0Njc5Mjh9.kJLc4LbSHw6kMS_dn4Dh5TVC4rLIfzsEJOe4xknJYWREXYrHR8VcVnvWxtoYfZGFyvmTbIVQPWE9TD_uOhQ1hg,914995789,8997.33,Pago de menu,422,USE_P2P_01,
44,Transferir pago con amount mayor a dos decimales - resultado 400,PF0NGDtS1sn1qq7cv3UEE4beK8xGYEPlRzViLAAaBn0SQta,AND,CUS,eyJhbGciOiJIUzUxMiJ9.eyJpZCI6IjdlMmEzMTM1LTNiYjktNGMzMC1iYmVlLWYzNWEwOTU4ZWVhNyIsInVuaXF1ZUlkIjoiN2UyYTMxMzUtM2JiOS00YzMwLWJiZWUtZjM1YTA5NThlZWE3IiwidHlwZSI6IkFDQ0VTUyIsImV4cGlyYXRpb25EYXRlIjoiMjAxOS0xMC0zMFQyMDozODo0OC40MTUrMDAwMCIsInJvbGVDb2RlIjoiQ1VTX1VTUiIsImFjdGl2ZVNlc3Npb24iOnRydWUsIm11bHRpRGV2aWNlIjpmYWxzZSwiYXBwbGljYXRpb24iOiJDVVMiLCJwbGF0Zm9ybSI6IkFORCIsImRldmljZUlkIjoiUEYwTkdEdFMxc24xcXE3Y3YzVUVFNGJlSzh4R1lFUGxSelZpTEFBYUJuMFNRdGEiLCJleHAiOjE1NzI0Njc5Mjh9.kJLc4LbSHw6kMS_dn4Dh5TVC4rLIfzsEJOe4xknJYWREXYrHR8VcVnvWxtoYfZGFyvmTbIVQPWE9TD_uOhQ1hg,914995789,48.324,Pago de menu,400,GEN_ALL_01,
45,Transferir pago con detail null - resultado 201,PF0NGDtS1sn1qq7cv3UEE4beK8xGYEPlRzViLAAaBn0SQta,AND,CUS,eyJhbGciOiJIUzUxMiJ9.eyJpZCI6IjdlMmEzMTM1LTNiYjktNGMzMC1iYmVlLWYzNWEwOTU4ZWVhNyIsInVuaXF1ZUlkIjoiN2UyYTMxMzUtM2JiOS00YzMwLWJiZWUtZjM1YTA5NThlZWE3IiwidHlwZSI6IkFDQ0VTUyIsImV4cGlyYXRpb25EYXRlIjoiMjAxOS0xMC0zMFQyMDozODo0OC40MTUrMDAwMCIsInJvbGVDb2RlIjoiQ1VTX1VTUiIsImFjdGl2ZVNlc3Npb24iOnRydWUsIm11bHRpRGV2aWNlIjpmYWxzZSwiYXBwbGljYXRpb24iOiJDVVMiLCJwbGF0Zm9ybSI6IkFORCIsImRldmljZUlkIjoiUEYwTkdEdFMxc24xcXE3Y3YzVUVFNGJlSzh4R1lFUGxSelZpTEFBYUJuMFNRdGEiLCJleHAiOjE1NzI0Njc5Mjh9.kJLc4LbSHw6kMS_dn4Dh5TVC4rLIfzsEJOe4xknJYWREXYrHR8VcVnvWxtoYfZGFyvmTbIVQPWE9TD_uOhQ1hg,914995789,35.6,null,201,,
46,Transferir pago con detail en blanco - resultado 201,PF0NGDtS1sn1qq7cv3UEE4beK8xGYEPlRzViLAAaBn0SQta,AND,CUS,eyJhbGciOiJIUzUxMiJ9.eyJpZCI6IjdlMmEzMTM1LTNiYjktNGMzMC1iYmVlLWYzNWEwOTU4ZWVhNyIsInVuaXF1ZUlkIjoiN2UyYTMxMzUtM2JiOS00YzMwLWJiZWUtZjM1YTA5NThlZWE3IiwidHlwZSI6IkFDQ0VTUyIsImV4cGlyYXRpb25EYXRlIjoiMjAxOS0xMC0zMFQyMDozODo0OC40MTUrMDAwMCIsInJvbGVDb2RlIjoiQ1VTX1VTUiIsImFjdGl2ZVNlc3Npb24iOnRydWUsIm11bHRpRGV2aWNlIjpmYWxzZSwiYXBwbGljYXRpb24iOiJDVVMiLCJwbGF0Zm9ybSI6IkFORCIsImRldmljZUlkIjoiUEYwTkdEdFMxc24xcXE3Y3YzVUVFNGJlSzh4R1lFUGxSelZpTEFBYUJuMFNRdGEiLCJleHAiOjE1NzI0Njc5Mjh9.kJLc4LbSHw6kMS_dn4Dh5TVC4rLIfzsEJOe4xknJYWREXYrHR8VcVnvWxtoYfZGFyvmTbIVQPWE9TD_uOhQ1hg,914995789,50,,201,,
47,Transferir pago con detail caracteres extraños - resultado 201,PF0NGDtS1sn1qq7cv3UEE4beK8xGYEPlRzViLAAaBn0SQta,AND,CUS,eyJhbGciOiJIUzUxMiJ9.eyJpZCI6IjdlMmEzMTM1LTNiYjktNGMzMC1iYmVlLWYzNWEwOTU4ZWVhNyIsInVuaXF1ZUlkIjoiN2UyYTMxMzUtM2JiOS00YzMwLWJiZWUtZjM1YTA5NThlZWE3IiwidHlwZSI6IkFDQ0VTUyIsImV4cGlyYXRpb25EYXRlIjoiMjAxOS0xMC0zMFQyMDozODo0OC40MTUrMDAwMCIsInJvbGVDb2RlIjoiQ1VTX1VTUiIsImFjdGl2ZVNlc3Npb24iOnRydWUsIm11bHRpRGV2aWNlIjpmYWxzZSwiYXBwbGljYXRpb24iOiJDVVMiLCJwbGF0Zm9ybSI6IkFORCIsImRldmljZUlkIjoiUEYwTkdEdFMxc24xcXE3Y3YzVUVFNGJlSzh4R1lFUGxSelZpTEFBYUJuMFNRdGEiLCJleHAiOjE1NzI0Njc5Mjh9.kJLc4LbSHw6kMS_dn4Dh5TVC4rLIfzsEJOe4xknJYWREXYrHR8VcVnvWxtoYfZGFyvmTbIVQPWE9TD_uOhQ1hg,914995789,34,#&&,201,,
48,Transferir pago con detail menor a caracteres permitidos - resultado 201,PF0NGDtS1sn1qq7cv3UEE4beK8xGYEPlRzViLAAaBn0SQta,AND,CUS,eyJhbGciOiJIUzUxMiJ9.eyJpZCI6IjdlMmEzMTM1LTNiYjktNGMzMC1iYmVlLWYzNWEwOTU4ZWVhNyIsInVuaXF1ZUlkIjoiN2UyYTMxMzUtM2JiOS00YzMwLWJiZWUtZjM1YTA5NThlZWE3IiwidHlwZSI6IkFDQ0VTUyIsImV4cGlyYXRpb25EYXRlIjoiMjAxOS0xMC0zMFQyMDozODo0OC40MTUrMDAwMCIsInJvbGVDb2RlIjoiQ1VTX1VTUiIsImFjdGl2ZVNlc3Npb24iOnRydWUsIm11bHRpRGV2aWNlIjpmYWxzZSwiYXBwbGljYXRpb24iOiJDVVMiLCJwbGF0Zm9ybSI6IkFORCIsImRldmljZUlkIjoiUEYwTkdEdFMxc24xcXE3Y3YzVUVFNGJlSzh4R1lFUGxSelZpTEFBYUJuMFNRdGEiLCJleHAiOjE1NzI0Njc5Mjh9.kJLc4LbSHw6kMS_dn4Dh5TVC4rLIfzsEJOe4xknJYWREXYrHR8VcVnvWxtoYfZGFyvmTbIVQPWE9TD_uOhQ1hg,914995789,50,2,201,,
49,Transferir pago con detail mayor a caracteres permitidos - resultado 400,PF0NGDtS1sn1qq7cv3UEE4beK8xGYEPlRzViLAAaBn0SQta,AND,CUS,eyJhbGciOiJIUzUxMiJ9.eyJpZCI6IjdlMmEzMTM1LTNiYjktNGMzMC1iYmVlLWYzNWEwOTU4ZWVhNyIsInVuaXF1ZUlkIjoiN2UyYTMxMzUtM2JiOS00YzMwLWJiZWUtZjM1YTA5NThlZWE3IiwidHlwZSI6IkFDQ0VTUyIsImV4cGlyYXRpb25EYXRlIjoiMjAxOS0xMC0zMFQyMDozODo0OC40MTUrMDAwMCIsInJvbGVDb2RlIjoiQ1VTX1VTUiIsImFjdGl2ZVNlc3Npb24iOnRydWUsIm11bHRpRGV2aWNlIjpmYWxzZSwiYXBwbGljYXRpb24iOiJDVVMiLCJwbGF0Zm9ybSI6IkFORCIsImRldmljZUlkIjoiUEYwTkdEdFMxc24xcXE3Y3YzVUVFNGJlSzh4R1lFUGxSelZpTEFBYUJuMFNRdGEiLCJleHAiOjE1NzI0Njc5Mjh9.kJLc4LbSHw6kMS_dn4Dh5TVC4rLIfzsEJOe4xknJYWREXYrHR8VcVnvWxtoYfZGFyvmTbIVQPWE9TD_uOhQ1hg,914995789,50,Pago de menu del almuerzo de juan pablo miguel angel perez prado,400,GEN_ALL_01,
50,Transferir pago con error interno - resultado 500,PF0NGDtS1sn1qq7cv3UEE4beK8xGYEPlRzViLAAaBn0SQta,AND,CUS,eyJhbGciOiJIUzUxMiJ9.eyJpZCI6IjdlMmEzMTM1LTNiYjktNGMzMC1iYmVlLWYzNWEwOTU4ZWVhNyIsInVuaXF1ZUlkIjoiN2UyYTMxMzUtM2JiOS00YzMwLWJiZWUtZjM1YTA5NThlZWE3IiwidHlwZSI6IkFDQ0VTUyIsImV4cGlyYXRpb25EYXRlIjoiMjAxOS0xMC0zMFQyMDozODo0OC40MTUrMDAwMCIsInJvbGVDb2RlIjoiQ1VTX1VTUiIsImFjdGl2ZVNlc3Npb24iOnRydWUsIm11bHRpRGV2aWNlIjpmYWxzZSwiYXBwbGljYXRpb24iOiJDVVMiLCJwbGF0Zm9ybSI6IkFORCIsImRldmljZUlkIjoiUEYwTkdEdFMxc24xcXE3Y3YzVUVFNGJlSzh4R1lFUGxSelZpTEFBYUJuMFNRdGEiLCJleHAiOjE1NzI0Njc5Mjh9.kJLc4LbSHw6kMS_dn4Dh5TVC4rLIfzsEJOe4xknJYWREXYrHR8VcVnvWxtoYfZGFyvmTbIVQPWE9TD_uOhQ1hg,914995700,65,Pago de menu,500,GEN_ALL_02,