Nro.,Case de Prueba,deviceId,platform,application,authorization,positions,confirmPositions,codigo,codbody,rtoken
1,Recuperar contraseña con DNI Exitoso - resultado 200,PF0NGDtS1sn1qq7cv3UEE4beK8xGYEPlRzViLAAaBn0SQta,AND,CUS,eyJhbGciOiJIUzUxMiJ9.eyJEQVRBIjoie1wiZGV2aWNlSWRcIjpcIjEyMlwiLFwicGxhdGZvcm1cIjpcIklPU1wiLFwiYXBwbGljYXRpb25cIjpcIkNVU1wiLFwicGhvbmVcIjpcIjkxNDk5NTgwNFwiLFwiZW1haWxcIjpcInR1bmtpQHR1bmtpLmNvbVwiLFwib3RwXCI6XCI4NTIzXCIsXCJzdGVwXCI6XCJTVEVQXzFcIn0iLCJleHAiOjE1Njk0NTM5Mjh9.SGMnphI5N4it4rFA6qMUUsVaDa_1PzCoqq9LkGYrJNZR5dcpEm5jS8ymyyelkTe1shatX0MVAYT6KQ6cAYEfrA,"[3,1,5,2,4,0]","[3,1,5,2,4,0]",200,,
2,Recuperar contraseña con CE Exitoso - resultado 200,PF0NGDtS1sn1qq7cv3UEE4beK8xGYEPlRzViLAAaBn0SQta,AND,CUS,eyJhbGciOiJIUzUxMiJ9.eyJEQVRBIjoie1wiZGV2aWNlSWRcIjpcIjEyMlwiLFwicGxhdGZvcm1cIjpcIklPU1wiLFwiYXBwbGljYXRpb25cIjpcIkNVU1wiLFwicGhvbmVcIjpcIjkxNDk5NTgwNFwiLFwiZW1haWxcIjpcInR1bmtpQHR1bmtpLmNvbVwiLFwib3RwXCI6XCI4NTIzXCIsXCJzdGVwXCI6XCJTVEVQXzFcIn0iLCJleHAiOjE1Njk0NTM5Mjh9.SGMnphI5N4it4rFA6qMUUsVaDa_1PzCoqq9LkGYrJNZR5dcpEm5jS8ymyyelkTe1shatX0MVAYT6KQ6cAYEfrA,"[3,1,5,2,4,0]","[3,1,5,2,4,0]",200,,
3,Recuperar contraseña con X-Device-Id con null - resultado 400,null,AND,CUS,eyJhbGciOiJIUzUxMiJ9.eyJEQVRBIjoie1wiZGV2aWNlSWRcIjpcIjEyMlwiLFwicGxhdGZvcm1cIjpcIklPU1wiLFwiYXBwbGljYXRpb25cIjpcIkNVU1wiLFwicGhvbmVcIjpcIjkxNDk5NTgwNFwiLFwiZW1haWxcIjpcInR1bmtpQHR1bmtpLmNvbVwiLFwib3RwXCI6XCI4NTIzXCIsXCJzdGVwXCI6XCJTVEVQXzFcIn0iLCJleHAiOjE1Njk0NTM5Mjh9.SGMnphI5N4it4rFA6qMUUsVaDa_1PzCoqq9LkGYrJNZR5dcpEm5jS8ymyyelkTe1shatX0MVAYT6KQ6cAYEfrA,"[3,1,5,2,4,0]","[3,1,5,2,4,0]",400,GEN_ALL_01,
4,Recuperar contraseña con X-Device-Id con Vacio - resultado 400,,AND,CUS,eyJhbGciOiJIUzUxMiJ9.eyJEQVRBIjoie1wiZGV2aWNlSWRcIjpcIjEyMlwiLFwicGxhdGZvcm1cIjpcIklPU1wiLFwiYXBwbGljYXRpb25cIjpcIkNVU1wiLFwicGhvbmVcIjpcIjkxNDk5NTgwNFwiLFwiZW1haWxcIjpcInR1bmtpQHR1bmtpLmNvbVwiLFwib3RwXCI6XCI4NTIzXCIsXCJzdGVwXCI6XCJTVEVQXzFcIn0iLCJleHAiOjE1Njk0NTM5Mjh9.SGMnphI5N4it4rFA6qMUUsVaDa_1PzCoqq9LkGYrJNZR5dcpEm5jS8ymyyelkTe1shatX0MVAYT6KQ6cAYEfrA,"[3,1,5,2,4,0]","[3,1,5,2,4,0]",400,GEN_ALL_01,
5,Recuperar contraseña con X-Device-Id con Espacio en blanco - resultado 400, ,AND,CUS,eyJhbGciOiJIUzUxMiJ9.eyJEQVRBIjoie1wiZGV2aWNlSWRcIjpcIjEyMlwiLFwicGxhdGZvcm1cIjpcIklPU1wiLFwiYXBwbGljYXRpb25cIjpcIkNVU1wiLFwicGhvbmVcIjpcIjkxNDk5NTgwNFwiLFwiZW1haWxcIjpcInR1bmtpQHR1bmtpLmNvbVwiLFwib3RwXCI6XCI4NTIzXCIsXCJzdGVwXCI6XCJTVEVQXzFcIn0iLCJleHAiOjE1Njk0NTM5Mjh9.SGMnphI5N4it4rFA6qMUUsVaDa_1PzCoqq9LkGYrJNZR5dcpEm5jS8ymyyelkTe1shatX0MVAYT6KQ6cAYEfrA,"[3,1,5,2,4,0]","[3,1,5,2,4,0]",400,GEN_ALL_01,
6,Recuperar contraseña con X-Device-Id con Espacios en blanco - resultado 400,      ,AND,CUS,eyJhbGciOiJIUzUxMiJ9.eyJEQVRBIjoie1wiZGV2aWNlSWRcIjpcIjEyMlwiLFwicGxhdGZvcm1cIjpcIklPU1wiLFwiYXBwbGljYXRpb25cIjpcIkNVU1wiLFwicGhvbmVcIjpcIjkxNDk5NTgwNFwiLFwiZW1haWxcIjpcInR1bmtpQHR1bmtpLmNvbVwiLFwib3RwXCI6XCI4NTIzXCIsXCJzdGVwXCI6XCJTVEVQXzFcIn0iLCJleHAiOjE1Njk0NTM5Mjh9.SGMnphI5N4it4rFA6qMUUsVaDa_1PzCoqq9LkGYrJNZR5dcpEm5jS8ymyyelkTe1shatX0MVAYT6KQ6cAYEfrA,"[3,1,5,2,4,0]","[3,1,5,2,4,0]",400,GEN_ALL_01,
7,Recuperar contraseña con X-Device-Id con Menor a la cantidad de caracteres permitidos (1) - resultado 400,P,AND,CUS,eyJhbGciOiJIUzUxMiJ9.eyJEQVRBIjoie1wiZGV2aWNlSWRcIjpcIjEyMlwiLFwicGxhdGZvcm1cIjpcIklPU1wiLFwiYXBwbGljYXRpb25cIjpcIkNVU1wiLFwicGhvbmVcIjpcIjkxNDk5NTgwNFwiLFwiZW1haWxcIjpcInR1bmtpQHR1bmtpLmNvbVwiLFwib3RwXCI6XCI4NTIzXCIsXCJzdGVwXCI6XCJTVEVQXzFcIn0iLCJleHAiOjE1Njk0NTM5Mjh9.SGMnphI5N4it4rFA6qMUUsVaDa_1PzCoqq9LkGYrJNZR5dcpEm5jS8ymyyelkTe1shatX0MVAYT6KQ6cAYEfrA,"[3,1,5,2,4,0]","[3,1,5,2,4,0]",400,GEN_ALL_01,
8,Recuperar contraseña con X-Device-Id con Mayor a la cantidad de caracteres permitidos (301) - resultado 400,PF0NGDtS1sn1qq7cv3UEE4beK8xGYEPlRzViLAAaBn0SQtaPF0NGDtS1sn1qq7cv3UEE4beK8xGYEPlRzViLAAaBn0SQtaPF0NGDtS1sn1qq7cv3UEE4beK8xGYEPlRzViLAAaBn0SQtaPF0NGDtS1sn1qq7cv3UEE4beK8xGYEPlRzViLAAaBn0SQtaPF0NGDtS1sn1qq7cv3UEE4beK8xGYEPlRzViLAAaBn0SQtaPF0NGDtS1sn1qq7cv3UEE4beK8xGYEPlRzViLAAaBn0SQtaPF0NGDtS1sn1qq7cv3U,AND,CUS,eyJhbGciOiJIUzUxMiJ9.eyJEQVRBIjoie1wiZGV2aWNlSWRcIjpcIjEyMlwiLFwicGxhdGZvcm1cIjpcIklPU1wiLFwiYXBwbGljYXRpb25cIjpcIkNVU1wiLFwicGhvbmVcIjpcIjkxNDk5NTgwNFwiLFwiZW1haWxcIjpcInR1bmtpQHR1bmtpLmNvbVwiLFwib3RwXCI6XCI4NTIzXCIsXCJzdGVwXCI6XCJTVEVQXzFcIn0iLCJleHAiOjE1Njk0NTM5Mjh9.SGMnphI5N4it4rFA6qMUUsVaDa_1PzCoqq9LkGYrJNZR5dcpEm5jS8ymyyelkTe1shatX0MVAYT6KQ6cAYEfrA,"[3,1,5,2,4,0]","[3,1,5,2,4,0]",400,GEN_ALL_01,
9,Recuperar contraseña con X-Device-Id con Caracteres especiales (Extraños) - resultado 400,$##$$%#$&%$%,AND,CUS,eyJhbGciOiJIUzUxMiJ9.eyJEQVRBIjoie1wiZGV2aWNlSWRcIjpcIjEyMlwiLFwicGxhdGZvcm1cIjpcIklPU1wiLFwiYXBwbGljYXRpb25cIjpcIkNVU1wiLFwicGhvbmVcIjpcIjkxNDk5NTgwNFwiLFwiZW1haWxcIjpcInR1bmtpQHR1bmtpLmNvbVwiLFwib3RwXCI6XCI4NTIzXCIsXCJzdGVwXCI6XCJTVEVQXzFcIn0iLCJleHAiOjE1Njk0NTM5Mjh9.SGMnphI5N4it4rFA6qMUUsVaDa_1PzCoqq9LkGYrJNZR5dcpEm5jS8ymyyelkTe1shatX0MVAYT6KQ6cAYEfrA,"[3,1,5,2,4,0]","[3,1,5,2,4,0]",400,GEN_ALL_01,
10,Recuperar contraseña con X-Platform  Incorrecto - resultado 400,PF0NGDtS1sn1qq7cv3UEE4beK8xGYEPlRzViLAAaBn0SQta,ANN,CUS,eyJhbGciOiJIUzUxMiJ9.eyJEQVRBIjoie1wiZGV2aWNlSWRcIjpcIjEyMlwiLFwicGxhdGZvcm1cIjpcIklPU1wiLFwiYXBwbGljYXRpb25cIjpcIkNVU1wiLFwicGhvbmVcIjpcIjkxNDk5NTgwNFwiLFwiZW1haWxcIjpcInR1bmtpQHR1bmtpLmNvbVwiLFwib3RwXCI6XCI4NTIzXCIsXCJzdGVwXCI6XCJTVEVQXzFcIn0iLCJleHAiOjE1Njk0NTM5Mjh9.SGMnphI5N4it4rFA6qMUUsVaDa_1PzCoqq9LkGYrJNZR5dcpEm5jS8ymyyelkTe1shatX0MVAYT6KQ6cAYEfrA,"[3,1,5,2,4,0]","[3,1,5,2,4,0]",400,GEN_ALL_01,
11,Recuperar contraseña con X-Platform  con null - resultado 400,PF0NGDtS1sn1qq7cv3UEE4beK8xGYEPlRzViLAAaBn0SQta,null,CUS,eyJhbGciOiJIUzUxMiJ9.eyJEQVRBIjoie1wiZGV2aWNlSWRcIjpcIjEyMlwiLFwicGxhdGZvcm1cIjpcIklPU1wiLFwiYXBwbGljYXRpb25cIjpcIkNVU1wiLFwicGhvbmVcIjpcIjkxNDk5NTgwNFwiLFwiZW1haWxcIjpcInR1bmtpQHR1bmtpLmNvbVwiLFwib3RwXCI6XCI4NTIzXCIsXCJzdGVwXCI6XCJTVEVQXzFcIn0iLCJleHAiOjE1Njk0NTM5Mjh9.SGMnphI5N4it4rFA6qMUUsVaDa_1PzCoqq9LkGYrJNZR5dcpEm5jS8ymyyelkTe1shatX0MVAYT6KQ6cAYEfrA,"[3,1,5,2,4,0]","[3,1,5,2,4,0]",400,GEN_ALL_01,
12,Recuperar contraseña con X-Platform  con Vacio - resultado 400,PF0NGDtS1sn1qq7cv3UEE4beK8xGYEPlRzViLAAaBn0SQta,,CUS,eyJhbGciOiJIUzUxMiJ9.eyJEQVRBIjoie1wiZGV2aWNlSWRcIjpcIjEyMlwiLFwicGxhdGZvcm1cIjpcIklPU1wiLFwiYXBwbGljYXRpb25cIjpcIkNVU1wiLFwicGhvbmVcIjpcIjkxNDk5NTgwNFwiLFwiZW1haWxcIjpcInR1bmtpQHR1bmtpLmNvbVwiLFwib3RwXCI6XCI4NTIzXCIsXCJzdGVwXCI6XCJTVEVQXzFcIn0iLCJleHAiOjE1Njk0NTM5Mjh9.SGMnphI5N4it4rFA6qMUUsVaDa_1PzCoqq9LkGYrJNZR5dcpEm5jS8ymyyelkTe1shatX0MVAYT6KQ6cAYEfrA,"[3,1,5,2,4,0]","[3,1,5,2,4,0]",400,GEN_ALL_01,
13,Recuperar contraseña con X-Platform  con Espacio en blanco - resultado 400,PF0NGDtS1sn1qq7cv3UEE4beK8xGYEPlRzViLAAaBn0SQta, ,CUS,eyJhbGciOiJIUzUxMiJ9.eyJEQVRBIjoie1wiZGV2aWNlSWRcIjpcIjEyMlwiLFwicGxhdGZvcm1cIjpcIklPU1wiLFwiYXBwbGljYXRpb25cIjpcIkNVU1wiLFwicGhvbmVcIjpcIjkxNDk5NTgwNFwiLFwiZW1haWxcIjpcInR1bmtpQHR1bmtpLmNvbVwiLFwib3RwXCI6XCI4NTIzXCIsXCJzdGVwXCI6XCJTVEVQXzFcIn0iLCJleHAiOjE1Njk0NTM5Mjh9.SGMnphI5N4it4rFA6qMUUsVaDa_1PzCoqq9LkGYrJNZR5dcpEm5jS8ymyyelkTe1shatX0MVAYT6KQ6cAYEfrA,"[3,1,5,2,4,0]","[3,1,5,2,4,0]",400,GEN_ALL_01,
14,Recuperar contraseña con X-Platform  con Espacios en blanco - resultado 400,PF0NGDtS1sn1qq7cv3UEE4beK8xGYEPlRzViLAAaBn0SQta,   ,CUS,eyJhbGciOiJIUzUxMiJ9.eyJEQVRBIjoie1wiZGV2aWNlSWRcIjpcIjEyMlwiLFwicGxhdGZvcm1cIjpcIklPU1wiLFwiYXBwbGljYXRpb25cIjpcIkNVU1wiLFwicGhvbmVcIjpcIjkxNDk5NTgwNFwiLFwiZW1haWxcIjpcInR1bmtpQHR1bmtpLmNvbVwiLFwib3RwXCI6XCI4NTIzXCIsXCJzdGVwXCI6XCJTVEVQXzFcIn0iLCJleHAiOjE1Njk0NTM5Mjh9.SGMnphI5N4it4rFA6qMUUsVaDa_1PzCoqq9LkGYrJNZR5dcpEm5jS8ymyyelkTe1shatX0MVAYT6KQ6cAYEfrA,"[3,1,5,2,4,0]","[3,1,5,2,4,0]",400,GEN_ALL_01,
15,Recuperar contraseña con X-Platform  con Menor a la cantidad de caracteres permitidos (2) - resultado 400,PF0NGDtS1sn1qq7cv3UEE4beK8xGYEPlRzViLAAaBn0SQta,AN,CUS,eyJhbGciOiJIUzUxMiJ9.eyJEQVRBIjoie1wiZGV2aWNlSWRcIjpcIjEyMlwiLFwicGxhdGZvcm1cIjpcIklPU1wiLFwiYXBwbGljYXRpb25cIjpcIkNVU1wiLFwicGhvbmVcIjpcIjkxNDk5NTgwNFwiLFwiZW1haWxcIjpcInR1bmtpQHR1bmtpLmNvbVwiLFwib3RwXCI6XCI4NTIzXCIsXCJzdGVwXCI6XCJTVEVQXzFcIn0iLCJleHAiOjE1Njk0NTM5Mjh9.SGMnphI5N4it4rFA6qMUUsVaDa_1PzCoqq9LkGYrJNZR5dcpEm5jS8ymyyelkTe1shatX0MVAYT6KQ6cAYEfrA,"[3,1,5,2,4,0]","[3,1,5,2,4,0]",400,GEN_ALL_01,
16,Recuperar contraseña con X-Platform  con Mayor a la cantidad de caracteres permitidos (4) - resultado 400,PF0NGDtS1sn1qq7cv3UEE4beK8xGYEPlRzViLAAaBn0SQta,ANDD,CUS,eyJhbGciOiJIUzUxMiJ9.eyJEQVRBIjoie1wiZGV2aWNlSWRcIjpcIjEyMlwiLFwicGxhdGZvcm1cIjpcIklPU1wiLFwiYXBwbGljYXRpb25cIjpcIkNVU1wiLFwicGhvbmVcIjpcIjkxNDk5NTgwNFwiLFwiZW1haWxcIjpcInR1bmtpQHR1bmtpLmNvbVwiLFwib3RwXCI6XCI4NTIzXCIsXCJzdGVwXCI6XCJTVEVQXzFcIn0iLCJleHAiOjE1Njk0NTM5Mjh9.SGMnphI5N4it4rFA6qMUUsVaDa_1PzCoqq9LkGYrJNZR5dcpEm5jS8ymyyelkTe1shatX0MVAYT6KQ6cAYEfrA,"[3,1,5,2,4,0]","[3,1,5,2,4,0]",400,GEN_ALL_01,
17,Recuperar contraseña con X-Platform  con Caracteres especiales (Extraños) - resultado 400,PF0NGDtS1sn1qq7cv3UEE4beK8xGYEPlRzViLAAaBn0SQta,&#$,CUS,eyJhbGciOiJIUzUxMiJ9.eyJEQVRBIjoie1wiZGV2aWNlSWRcIjpcIjEyMlwiLFwicGxhdGZvcm1cIjpcIklPU1wiLFwiYXBwbGljYXRpb25cIjpcIkNVU1wiLFwicGhvbmVcIjpcIjkxNDk5NTgwNFwiLFwiZW1haWxcIjpcInR1bmtpQHR1bmtpLmNvbVwiLFwib3RwXCI6XCI4NTIzXCIsXCJzdGVwXCI6XCJTVEVQXzFcIn0iLCJleHAiOjE1Njk0NTM5Mjh9.SGMnphI5N4it4rFA6qMUUsVaDa_1PzCoqq9LkGYrJNZR5dcpEm5jS8ymyyelkTe1shatX0MVAYT6KQ6cAYEfrA,"[3,1,5,2,4,0]","[3,1,5,2,4,0]",400,GEN_ALL_01,
18,Recuperar contraseña con X-Application con Incorrecto - resultado 400,PF0NGDtS1sn1qq7cv3UEE4beK8xGYEPlRzViLAAaBn0SQta,AND,CUZ,eyJhbGciOiJIUzUxMiJ9.eyJEQVRBIjoie1wiZGV2aWNlSWRcIjpcIjEyMlwiLFwicGxhdGZvcm1cIjpcIklPU1wiLFwiYXBwbGljYXRpb25cIjpcIkNVU1wiLFwicGhvbmVcIjpcIjkxNDk5NTgwNFwiLFwiZW1haWxcIjpcInR1bmtpQHR1bmtpLmNvbVwiLFwib3RwXCI6XCI4NTIzXCIsXCJzdGVwXCI6XCJTVEVQXzFcIn0iLCJleHAiOjE1Njk0NTM5Mjh9.SGMnphI5N4it4rFA6qMUUsVaDa_1PzCoqq9LkGYrJNZR5dcpEm5jS8ymyyelkTe1shatX0MVAYT6KQ6cAYEfrA,"[3,1,5,2,4,0]","[3,1,5,2,4,0]",400,GEN_ALL_01,
19,Recuperar contraseña con X-Application con null - resultado 400,PF0NGDtS1sn1qq7cv3UEE4beK8xGYEPlRzViLAAaBn0SQta,AND,null,eyJhbGciOiJIUzUxMiJ9.eyJEQVRBIjoie1wiZGV2aWNlSWRcIjpcIjEyMlwiLFwicGxhdGZvcm1cIjpcIklPU1wiLFwiYXBwbGljYXRpb25cIjpcIkNVU1wiLFwicGhvbmVcIjpcIjkxNDk5NTgwNFwiLFwiZW1haWxcIjpcInR1bmtpQHR1bmtpLmNvbVwiLFwib3RwXCI6XCI4NTIzXCIsXCJzdGVwXCI6XCJTVEVQXzFcIn0iLCJleHAiOjE1Njk0NTM5Mjh9.SGMnphI5N4it4rFA6qMUUsVaDa_1PzCoqq9LkGYrJNZR5dcpEm5jS8ymyyelkTe1shatX0MVAYT6KQ6cAYEfrA,"[3,1,5,2,4,0]","[3,1,5,2,4,0]",400,GEN_ALL_01,
20,Recuperar contraseña con X-Application con Vacio - resultado 400,PF0NGDtS1sn1qq7cv3UEE4beK8xGYEPlRzViLAAaBn0SQta,AND,,eyJhbGciOiJIUzUxMiJ9.eyJEQVRBIjoie1wiZGV2aWNlSWRcIjpcIjEyMlwiLFwicGxhdGZvcm1cIjpcIklPU1wiLFwiYXBwbGljYXRpb25cIjpcIkNVU1wiLFwicGhvbmVcIjpcIjkxNDk5NTgwNFwiLFwiZW1haWxcIjpcInR1bmtpQHR1bmtpLmNvbVwiLFwib3RwXCI6XCI4NTIzXCIsXCJzdGVwXCI6XCJTVEVQXzFcIn0iLCJleHAiOjE1Njk0NTM5Mjh9.SGMnphI5N4it4rFA6qMUUsVaDa_1PzCoqq9LkGYrJNZR5dcpEm5jS8ymyyelkTe1shatX0MVAYT6KQ6cAYEfrA,"[3,1,5,2,4,0]","[3,1,5,2,4,0]",400,GEN_ALL_01,
21,Recuperar contraseña con X-Application con Espacio en blanco - resultado 400,PF0NGDtS1sn1qq7cv3UEE4beK8xGYEPlRzViLAAaBn0SQta,AND, ,eyJhbGciOiJIUzUxMiJ9.eyJEQVRBIjoie1wiZGV2aWNlSWRcIjpcIjEyMlwiLFwicGxhdGZvcm1cIjpcIklPU1wiLFwiYXBwbGljYXRpb25cIjpcIkNVU1wiLFwicGhvbmVcIjpcIjkxNDk5NTgwNFwiLFwiZW1haWxcIjpcInR1bmtpQHR1bmtpLmNvbVwiLFwib3RwXCI6XCI4NTIzXCIsXCJzdGVwXCI6XCJTVEVQXzFcIn0iLCJleHAiOjE1Njk0NTM5Mjh9.SGMnphI5N4it4rFA6qMUUsVaDa_1PzCoqq9LkGYrJNZR5dcpEm5jS8ymyyelkTe1shatX0MVAYT6KQ6cAYEfrA,"[3,1,5,2,4,0]","[3,1,5,2,4,0]",400,GEN_ALL_01,
22,Recuperar contraseña con X-Application con Espacios en blanco - resultado 400,PF0NGDtS1sn1qq7cv3UEE4beK8xGYEPlRzViLAAaBn0SQta,AND,   ,eyJhbGciOiJIUzUxMiJ9.eyJEQVRBIjoie1wiZGV2aWNlSWRcIjpcIjEyMlwiLFwicGxhdGZvcm1cIjpcIklPU1wiLFwiYXBwbGljYXRpb25cIjpcIkNVU1wiLFwicGhvbmVcIjpcIjkxNDk5NTgwNFwiLFwiZW1haWxcIjpcInR1bmtpQHR1bmtpLmNvbVwiLFwib3RwXCI6XCI4NTIzXCIsXCJzdGVwXCI6XCJTVEVQXzFcIn0iLCJleHAiOjE1Njk0NTM5Mjh9.SGMnphI5N4it4rFA6qMUUsVaDa_1PzCoqq9LkGYrJNZR5dcpEm5jS8ymyyelkTe1shatX0MVAYT6KQ6cAYEfrA,"[3,1,5,2,4,0]","[3,1,5,2,4,0]",400,GEN_ALL_01,
23,Recuperar contraseña con X-Application con Menor a la cantidad de caracteres permitidos (2) - resultado 400,PF0NGDtS1sn1qq7cv3UEE4beK8xGYEPlRzViLAAaBn0SQta,AND,CU,eyJhbGciOiJIUzUxMiJ9.eyJEQVRBIjoie1wiZGV2aWNlSWRcIjpcIjEyMlwiLFwicGxhdGZvcm1cIjpcIklPU1wiLFwiYXBwbGljYXRpb25cIjpcIkNVU1wiLFwicGhvbmVcIjpcIjkxNDk5NTgwNFwiLFwiZW1haWxcIjpcInR1bmtpQHR1bmtpLmNvbVwiLFwib3RwXCI6XCI4NTIzXCIsXCJzdGVwXCI6XCJTVEVQXzFcIn0iLCJleHAiOjE1Njk0NTM5Mjh9.SGMnphI5N4it4rFA6qMUUsVaDa_1PzCoqq9LkGYrJNZR5dcpEm5jS8ymyyelkTe1shatX0MVAYT6KQ6cAYEfrA,"[3,1,5,2,4,0]","[3,1,5,2,4,0]",400,GEN_ALL_01,
24,Recuperar contraseña con X-Application con Mayor a la cantidad de caracteres permitidos (4) - resultado 400,PF0NGDtS1sn1qq7cv3UEE4beK8xGYEPlRzViLAAaBn0SQta,AND,CUZZ,eyJhbGciOiJIUzUxMiJ9.eyJEQVRBIjoie1wiZGV2aWNlSWRcIjpcIjEyMlwiLFwicGxhdGZvcm1cIjpcIklPU1wiLFwiYXBwbGljYXRpb25cIjpcIkNVU1wiLFwicGhvbmVcIjpcIjkxNDk5NTgwNFwiLFwiZW1haWxcIjpcInR1bmtpQHR1bmtpLmNvbVwiLFwib3RwXCI6XCI4NTIzXCIsXCJzdGVwXCI6XCJTVEVQXzFcIn0iLCJleHAiOjE1Njk0NTM5Mjh9.SGMnphI5N4it4rFA6qMUUsVaDa_1PzCoqq9LkGYrJNZR5dcpEm5jS8ymyyelkTe1shatX0MVAYT6KQ6cAYEfrA,"[3,1,5,2,4,0]","[3,1,5,2,4,0]",400,GEN_ALL_01,
25,Recuperar contraseña con X-Application con Caracteres especiales (Extraños) - resultado 400,PF0NGDtS1sn1qq7cv3UEE4beK8xGYEPlRzViLAAaBn0SQta,AND,$%&,eyJhbGciOiJIUzUxMiJ9.eyJEQVRBIjoie1wiZGV2aWNlSWRcIjpcIjEyMlwiLFwicGxhdGZvcm1cIjpcIklPU1wiLFwiYXBwbGljYXRpb25cIjpcIkNVU1wiLFwicGhvbmVcIjpcIjkxNDk5NTgwNFwiLFwiZW1haWxcIjpcInR1bmtpQHR1bmtpLmNvbVwiLFwib3RwXCI6XCI4NTIzXCIsXCJzdGVwXCI6XCJTVEVQXzFcIn0iLCJleHAiOjE1Njk0NTM5Mjh9.SGMnphI5N4it4rFA6qMUUsVaDa_1PzCoqq9LkGYrJNZR5dcpEm5jS8ymyyelkTe1shatX0MVAYT6KQ6cAYEfrA,"[3,1,5,2,4,0]","[3,1,5,2,4,0]",400,GEN_ALL_01,
26,Recuperar contraseña con Authorization incorrecto - resultado 403,PF0NGDtS1sn1qq7cv3UEE4beK8xGYEPlRzViLAAaBn0SQta,AND,CUS,999eyhbGciOiJIUzUxMiJ9.eyJEQVRBIjoie1wiZGV2aWNlSWRcIjpcIjEyMlwiLFwicGxhdGZvcm1cIjpcIklPU1wiLFwiYXBwbGljYXRpb25cIjpcIkNVU1wiLFwicGhvbmVcIjpcIjkxNDk5NTgwNFwiLFwiZW1haWxcIjpcInR1bmtpQHR1bmtpLmNvbVwiLFwib3RwXCI6XCI4NTIzXCIsXCJzdGVwXCI6XCJTVEVQXzFcIn0iLCJleHAiOjE1Njk0NTM5Mjh9.SGMnphI5N4it4rFA6qMUUsVaDa_1PzCoqq9LkGYrJNZR5dcpEm5jS8ymyyelkTe1shatX0MVAYT6KQ6cAYEfrA999,"[3,1,5,2,4,0]","[3,1,5,2,4,0]",403,GEN_ALL_04,NO
27,Recuperar contraseña con Authorization con Modificado - resultado 403,PF0NGDtS1sn1qq7cv3UEE4beK8xGYEPlRzViLAAaBn0SQta,AND,CUS,99JhbGciOiJIUzUxMiJ9.eyJEQVRBIjoie1wiZGV2aWNlSWRcIjpcIjEyMlwiLFwicGxhdGZvcm1cIjpcIklPU1wiLFwiYXBwbGljYXRpb25cIjpcIkNVU1wiLFwicGhvbmVcIjpcIjkxNDk5NTgwNFwiLFwiZW1haWxcIjpcInR1bmtpQHR1bmtpLmNvbVwiLFwib3RwXCI6XCI4NTIzXCIsXCJzdGVwXCI6XCJTVEVQXzFcIn0iLCJleHAiOjE1Njk0NTM5Mjh9.SGMnphI5N4it4rFA6qMUUsVaDa_1PzCoqq9LkGYrJNZR5dcpEm5jS8ymyyelkTe1shatX0MVAYT6KQ6cAYEfrA,"[3,1,5,2,4,0]","[3,1,5,2,4,0]",403,GEN_ALL_04,NO
28,Recuperar contraseña con Authorization con null - resultado 403,PF0NGDtS1sn1qq7cv3UEE4beK8xGYEPlRzViLAAaBn0SQta,AND,CUS,null,"[3,1,5,2,4,0]","[3,1,5,2,4,0]",403,GEN_ALL_04,NO
29,Recuperar contraseña con Authorization con Vacio - resultado 400,PF0NGDtS1sn1qq7cv3UEE4beK8xGYEPlRzViLAAaBn0SQta,AND,CUS,,"[3,1,5,2,4,0]","[3,1,5,2,4,0]",400,GEN_ALL_01,NO
30,Recuperar contraseña con Authorization con Espacio en blanco - resultado 400,PF0NGDtS1sn1qq7cv3UEE4beK8xGYEPlRzViLAAaBn0SQta,AND,CUS, ,"[3,1,5,2,4,0]","[3,1,5,2,4,0]",400,GEN_ALL_01,NO
31,Recuperar contraseña con Authorization con Espacios en blanco - resultado 400,PF0NGDtS1sn1qq7cv3UEE4beK8xGYEPlRzViLAAaBn0SQta,AND,CUS,   ,"[3,1,5,2,4,0]","[3,1,5,2,4,0]",400,GEN_ALL_01,NO
32,Recuperar contraseña con positions con null - resultado 422,PF0NGDtS1sn1qq7cv3UEE4beK8xGYEPlRzViLAAaBn0SQta,AND,CUS,99JhbGciOiJIUzUxMiJ9,"[null,null,null,null,null,null]","[3,1,5,2,4,0]",422,USE_PAS_04,
33,Recuperar contraseña con positions con Vacio - resultado 400,PF0NGDtS1sn1qq7cv3UEE4beK8xGYEPlRzViLAAaBn0SQta,AND,CUS,99JhbGciOiJIUzUxMiJ9,"[,,,,,]","[3,1,5,2,4,0]",400,GEN_ALL_01,
34,Recuperar contraseña con positions con Espacio en blanco - resultado 400,PF0NGDtS1sn1qq7cv3UEE4beK8xGYEPlRzViLAAaBn0SQta,AND,CUS,99JhbGciOiJIUzUxMiJ9,"[ , , , , ,  ]","[3,1,5,2,4,0]",400,GEN_ALL_01,
35,Recuperar contraseña con positions con Espacios en blanco - resultado 400,PF0NGDtS1sn1qq7cv3UEE4beK8xGYEPlRzViLAAaBn0SQta,AND,CUS,99JhbGciOiJIUzUxMiJ9,"[   ,   ,    ,    ,    ,   ]","[3,1,5,2,4,0]",400,GEN_ALL_01,
36,Recuperar contraseña con confirmPositions con null - resultado 422,PF0NGDtS1sn1qq7cv3UEE4beK8xGYEPlRzViLAAaBn0SQta,AND,CUS,99JhbGciOiJIUzUxMiJ9,"[3,1,5,2,4,0]","[null,null,null,null,null,null]",422,USE_PAS_04,
37,Recuperar contraseña con confirmPositions con Vacio - resultado 400,PF0NGDtS1sn1qq7cv3UEE4beK8xGYEPlRzViLAAaBn0SQta,AND,CUS,99JhbGciOiJIUzUxMiJ9,"[3,1,5,2,4,0]","[,,,,,]",400,GEN_ALL_01,
38,Recuperar contraseña con confirmPositions con Espacio en blanco - resultado 400,PF0NGDtS1sn1qq7cv3UEE4beK8xGYEPlRzViLAAaBn0SQta,AND,CUS,99JhbGciOiJIUzUxMiJ9,"[3,1,5,2,4,0]","[ , , , , ,  ]",400,GEN_ALL_01,
39,Recuperar contraseña con confirmPositions con Espacios en blanco - resultado 400,PF0NGDtS1sn1qq7cv3UEE4beK8xGYEPlRzViLAAaBn0SQta,AND,CUS,99JhbGciOiJIUzUxMiJ9,"[3,1,5,2,4,0]","[   ,   ,    ,    ,    ,   ]",400,GEN_ALL_01,
40,Recuperar contraseña cuando el TokenExpiration expira (60 Seg)  - resultado 403,PF0NGDtS1sn1qq7cv3UEE4beK8xGYEPlRzViLAAaBn0SQta,AND,CUS,99JhbGciOiJIUzUxMiJ9,"[3,1,5,2,4,0]","[3,1,5,2,4,0]",403,GEN_ALL_04,
41,Recuperar contraseña con positions/confirmPositions con valores de posiciones diferentes- resultado 422,PF0NGDtS1sn1qq7cv3UEE4beK8xGYEPlRzViLAAaBn0SQta,AND,CUS,99JhbGciOiJIUzUxMiJ9,"[3,1,5,2,4,0]","[0,4,2,5,1,3]",422,USE_PAS_04,
42,Recuperar contraseña cuando el teclado expira (60 seg)- resultado 422,PF0NGDtS1sn1qq7cv3UEE4beK8xGYEPlRzViLAAaBn0SQta,AND,CUS,99JhbGciOiJIUzUxMiJ9,"[3,1,5,2,4,0]","[3,1,5,2,4,0]",422,USE_PAS_05,
43,Recuperar contraseña de error  - resultado 500,PF0NGDtS1sn1qq7cv3UEE4beK8xGYEPlRzViLAAaBn0SQta,AND,CUS,99JhbGciOiJIUzUxMiJ9,"[3,1,5,2,4,0]","[3,1,5,2,4,0]",500,GEN_ALL_02,